Team.Rk,Age,Length,+/-,PIM,EVG,PPG,SHG,GWG,SPCT,TSA,ATOI.min,FOW,FOL,FO%,BLK,HIT,Team_encoded,Pos_encoded,Shots_per_game,Points_per_game,Take_per_game,Give_per_game,Rookie_Flag,AAV_M,Predicted_AAV_M,PPG_Category,Residual_M,Player_Name,Team,Pos
1,23.0,7,1,51,21,6,0,10,10.0,550,20.28,58,67,46.4,69,52,14,3,3.3048780487804876,0.8902439024390244,0.524390243902439,1.024390243902439,0,7.0,7.502731471232298,Very Good,-0.5027314712322983,Matt Boldy,Minnesota Wild,LW
2,23.0,3,3,26,17,7,0,3,17.6,265,18.25,464,528,46.8,41,62,14,0,1.6585365853658536,0.7317073170731707,0.21951219512195122,0.7317073170731707,0,5.0,4.319373309927522,Very Good,0.6806266900724776,Marco Rossi,Minnesota Wild,C
3,27.0,5,19,16,21,4,0,5,17.2,311,22.47,0,2,0.0,17,16,14,3,3.5365853658536586,1.3658536585365855,0.2926829268292683,1.4390243902439024,0,9.0,8.088918010684408,Elite,0.9110819893155924,Kirill Kaprizov,Minnesota Wild,LW
4,37.0,2,0,22,16,3,0,6,12.6,294,19.65,14,21,40.0,48,32,14,3,2.1884057971014492,0.782608695652174,0.42028985507246375,1.1159420289855073,0,4.125,4.665260203074379,Very Good,-0.5402602030743786,Mats Zuccarello,Minnesota Wild,LW
5,31.0,5,-2,8,13,5,0,2,16.4,198,15.67,529,568,48.2,61,47,14,0,1.3414634146341464,0.45121951219512196,0.2926829268292683,0.6097560975609756,0,2.1,4.657652641945543,Depth Role,-2.5576526419455425,Frederick Gaudreau,Minnesota Wild,C
6,34.0,1,-7,12,9,1,1,1,9.1,239,16.38,5,15,25.0,25,49,14,0,1.6805555555555556,0.4722222222222222,0.16666666666666666,0.5694444444444444,1,0.8,1.2435129556424505,Depth Role,-0.4435129556424504,Marcus Johansson,Minnesota Wild,C
7,35.0,7,8,14,6,1,0,3,6.5,240,20.45,0,0,0.0,119,53,14,1,1.621212121212121,0.48484848484848486,0.3333333333333333,0.7878787878787878,0,7.575,6.377324049593404,Solid Role,1.1976759504065964,Jared Spurgeon,Minnesota Wild,D
8,28.0,8,9,22,9,5,0,1,10.0,217,19.77,408,459,47.1,36,82,14,0,3.0434782608695654,0.6304347826086957,0.30434782608695654,0.7391304347826086,0,5.25,7.444678051154658,Solid Role,-2.194678051154658,Joel Eriksson Ek,Minnesota Wild,C
9,22.0,8,-2,23,8,2,0,1,8.1,298,25.53,0,0,0.0,115,36,14,1,1.5897435897435896,0.3717948717948718,0.3717948717948718,1.3974358974358974,0,8.5,7.017257511665331,Solid Role,1.4827424883346687,Brock Faber,Minnesota Wild,D
10,33.0,4,7,75,14,0,0,1,15.4,160,14.48,7,12,36.8,49,253,14,3,1.1818181818181819,0.37662337662337664,0.2597402597402597,0.6233766233766234,0,4.0,3.293083651027866,Depth Role,0.706916348972134,Marcus Foligno,Minnesota Wild,LW
11,30.0,3,-7,75,8,3,0,1,7.0,300,14.97,282,308,47.8,41,73,14,4,2.289855072463768,0.37681159420289856,0.30434782608695654,0.9565217391304348,0,4.0,3.5394053973570117,Depth Role,0.46059460264298835,Ryan Hartman,Minnesota Wild,RW
12,29.0,4,11,40,8,0,0,0,8.2,224,21.87,0,0,0.0,157,99,14,1,1.4477611940298507,0.31343283582089554,0.31343283582089554,0.9552238805970149,0,4.35,4.093101572592552,Solid Role,0.2568984274074477,Jake Middleton,Minnesota Wild,D
13,31.0,7,10,18,4,0,0,1,5.6,178,22.95,0,0,0.0,104,27,14,1,1.42,0.4,0.42,1.06,0,6.0,6.485528810779972,Solid Role,-0.48552881077997156,Jonas Brodin,Minnesota Wild,D
14,34.0,2,-6,43,4,0,0,0,5.1,198,15.8,0,0,0.0,80,81,14,1,0.9753086419753086,0.19753086419753085,0.2716049382716049,0.8395061728395061,0,1.25,2.3500914663168784,Depth Role,-1.1000914663168784,Zach Bogosian,Minnesota Wild,D
15,28.0,4,-1,54,5,0,2,2,8.2,178,12.52,21,27,43.8,32,241,14,0,1.118421052631579,0.19736842105263158,0.15789473684210525,0.6710526315789473,0,3.5,2.8686885437523726,Depth Role,0.6313114562476274,Yakov Trenin,Minnesota Wild,C
16,25.0,2,-5,10,1,1,0,1,2.9,161,17.0,0,0,0.0,69,33,14,1,1.0454545454545454,0.18181818181818182,0.4090909090909091,1.2575757575757576,0,1.6,2.3539820824615143,Depth Role,-0.7539820824615142,Declan Chisholm,Minnesota Wild,D
17,30.0,2,2,4,2,3,0,1,13.5,68,13.78,6,9,40.0,7,28,14,0,1.48,0.32,0.28,0.76,1,0.775,1.579374220108146,Depth Role,-0.804374220108146,Vinnie Hinostroza,Minnesota Wild,C
18,22.0,2,-6,14,2,0,0,0,6.7,58,11.23,184,240,43.4,38,37,14,0,0.5263157894736842,0.12280701754385964,0.05263157894736842,0.5263157894736842,1,0.925,-0.12074320079685474,Depth Role,1.0457432007968548,Marat Khusnutdinov,Minnesota Wild,C
19,35.0,1,-4,4,1,1,0,0,6.3,63,14.77,0,6,0.0,8,15,14,4,1.4545454545454546,0.3181818181818182,0.2727272727272727,0.45454545454545453,0,3.25,2.4382085079858804,Depth Role,0.8117914920141196,Gustav Nyquist,Minnesota Wild,RW
20,24.0,2,-5,27,2,0,1,1,10.3,60,10.05,1,6,14.3,22,69,14,0,0.7631578947368421,0.15789473684210525,0.13157894736842105,0.47368421052631576,1,0.7875,0.03507228886846914,Depth Role,0.7524277111315308,Jakub Lauko,Minnesota Wild,C
21,32.0,3,-8,20,2,0,0,0,4.3,111,14.1,0,0,0.0,85,41,14,1,0.6714285714285714,0.08571428571428572,0.2,0.9142857142857143,0,1.2,2.5964636900983153,Depth Role,-1.3964636900983154,Jonathon Merrill,Minnesota Wild,D
22,21.0,3,-6,2,2,0,0,1,6.3,66,11.1,0,0,0.0,12,24,14,3,1.3333333333333333,0.20833333333333334,0.20833333333333334,0.375,1,0.886667,0.8672306022100256,Depth Role,0.019436397789974413,Liam Ohgren,Minnesota Wild,LW
23,30.0,1,-8,6,1,0,0,0,2.4,77,8.65,51,52,49.5,37,76,14,0,0.7454545454545455,0.09090909090909091,0.12727272727272726,0.2545454545454545,1,0.775,-0.5100726145673811,Depth Role,1.285072614567381,Devin Shore,Minnesota Wild,C
34,25.0,2,-3,10,0,0,0,0,0.0,51,8.38,12,13,48.0,11,51,14,2,0.9230769230769231,0.0,0.07692307692307693,0.34615384615384615,1,0.775,0.17048862633130124,Depth Role,0.6045113736686988,Ben Jones,Minnesota Wild,F
1,28.0,7,17,25,30,9,2,8,15.4,484,20.4,1,7,12.5,46,21,31,3,3.2560975609756095,1.1829268292682926,0.4024390243902439,0.975609756097561,0,7.142857,8.600908131782036,Elite,-1.4580511317820362,Kyle Connor,Winnepeg Jets,LW
2,31.0,7,12,61,28,11,0,11,21.7,339,20.43,627,641,49.4,60,73,31,0,2.1951219512195124,1.0609756097560976,0.3048780487804878,1.2804878048780488,0,8.5,8.471589107602147,Elite,0.02841089239785255,Mark Scheifele,Winnepeg Jets,C
3,28.0,6,14,17,18,6,0,5,13.8,365,15.8,5,14,26.3,33,38,31,3,2.5217391304347827,0.9130434782608695,0.2318840579710145,0.7536231884057971,0,8.5,6.645921363138214,Very Good,1.8540786368617859,Nikolaj Ehlers,Winnepeg Jets,LW
4,29.0,8,17,22,11,3,0,2,8.1,433,24.38,0,0,0.0,113,49,31,1,2.15,0.775,0.4,0.975,0,6.25,8.413710401213473,Very Good,-2.163710401213473,Josh Morrissey,Winnepeg Jets,D
5,25.0,6,9,14,15,12,0,6,20.8,232,18.13,75,77,49.3,50,21,31,0,1.8309859154929577,0.8591549295774648,0.30985915492957744,0.5774647887323944,0,7.5,6.89445984217034,Very Good,0.60554015782966,Gabriel Vilardi,Winnepeg Jets,C
6,23.0,2,14,20,13,5,0,2,12.6,284,15.18,21,46,31.3,45,71,31,0,1.7439024390243902,0.6097560975609756,0.24390243902439024,0.6707317073170732,0,3.25,3.0832143497921467,Solid Role,0.1667856502078533,Cole Perfetti,Winnepeg Jets,C
7,29.0,6,21,44,6,4,0,2,8.1,302,22.07,0,0,0.0,101,114,31,1,1.7826086956521738,0.5652173913043478,0.43478260869565216,1.0434782608695652,0,7.0,6.347078888449891,Very Good,0.6529211115501088,Neal Pionk,Winnepeg Jets,D
8,32.0,2,20,38,9,2,0,1,11.7,168,15.08,365,426,46.1,49,84,31,0,1.205128205128205,0.48717948717948717,0.19230769230769232,0.48717948717948717,0,3.0,2.8982438363996437,Depth Role,0.10175616360035633,Vladislav Namestnikov,Winnepeg Jets,C
9,32.0,3,16,24,13,4,0,3,11.3,271,14.85,20,26,43.5,39,152,31,4,1.829268292682927,0.45121951219512196,0.2073170731707317,0.7317073170731707,0,4.0,3.7126747025239624,Depth Role,0.28732529747603763,Nino Niederreiter,Winnepeg Jets,RW
10,31.0,5,18,28,16,0,0,4,16.2,196,15.43,615,573,51.8,60,140,31,3,1.356164383561644,0.4657534246575342,0.273972602739726,0.6027397260273972,0,3.25,4.626786933836337,Depth Role,-1.3767869338363372,Adam Lowry,Winnepeg Jets,LW
11,31.0,3,21,15,9,6,0,2,13.8,189,13.28,12,13,48.0,61,53,31,0,1.329268292682927,0.3780487804878049,0.3170731707317073,0.36585365853658536,0,3.666667,3.2884751762825104,Depth Role,0.3781918237174895,Alex Iafallo,Winnepeg Jets,C
12,29.0,2,7,22,10,0,0,3,9.3,185,14.83,10,12,45.5,29,76,31,0,1.5070422535211268,0.30985915492957744,0.2112676056338028,0.5352112676056338,0,2.9,2.278593442782356,Depth Role,0.6214065572176439,Mason Appleton,Winnepeg Jets,C
13,26.0,3,34,26,6,0,0,2,6.3,224,21.13,0,0,0.0,120,56,31,1,1.5833333333333333,0.3333333333333333,0.55,1.0666666666666667,0,5.75,3.6176732626700647,Solid Role,2.1323267373299353,Dylan Samberg,Winnepeg Jets,D
14,31.0,4,31,38,3,0,0,2,4.0,193,21.53,0,0,0.0,112,137,31,1,0.9146341463414634,0.23170731707317074,0.35365853658536583,1.0853658536585367,0,4.9,4.168457600760423,Depth Role,0.7315423992395775,Dylan DeMelo,Winnepeg Jets,D
15,32.0,2,10,38,3,1,0,0,5.9,187,14.52,0,0,0.0,50,84,31,1,1.1333333333333333,0.25,0.2,0.8833333333333333,0,1.5,2.5376159490344996,Depth Role,-1.0376159490344996,Colin Miller,Winnepeg Jets,D
16,26.0,2,8,16,6,0,2,0,8.7,169,10.38,85,78,52.1,38,122,31,0,1.2432432432432432,0.20270270270270271,0.3108108108108108,0.4189189189189189,0,1.85,1.5437951028334114,Depth Role,0.3062048971665887,Morgan Barron,Winnepeg Jets,C
17,26.0,2,9,78,1,0,0,0,2.0,134,15.58,0,0,0.0,76,88,31,1,0.7777777777777778,0.2222222222222222,0.1746031746031746,0.9365079365079365,0,1.25,1.986422194834716,Depth Role,-0.736422194834716,Logan Stanley,Winnepeg Jets,D
18,24.0,2,-1,16,5,0,0,1,9.4,99,10.27,262,237,52.5,31,77,31,0,0.8983050847457628,0.13559322033898305,0.15254237288135594,0.5084745762711864,0,1.0,1.3168824194862272,Depth Role,-0.3168824194862272,Rasmus Kupari,Winnepeg Jets,C
19,28.0,2,-12,6,0,0,0,0,0.0,105,15.93,0,0,0.0,56,48,31,1,0.9743589743589743,0.1794871794871795,0.07692307692307693,1.0,1,0.95,1.0676858245932426,Depth Role,-0.11768582459324262,Haydn Fleury,Winnepeg Jets,D
20,24.0,2,10,7,2,0,0,0,6.7,58,8.98,99,99,50.0,18,19,31,0,0.8333333333333334,0.16666666666666666,0.05555555555555555,0.19444444444444445,1,0.835,-0.02616406867636467,Depth Role,0.8611640686763646,David Gustafsson,Winnepeg Jets,C
1,34.0,4,13,12,22,8,0,6,19.7,297,17.15,440,400,52.4,21,29,8,0,1.853658536585366,1.0,0.25609756097560976,0.9512195121951219,0,4.5,6.228063926897757,Elite,-1.7280639268977573,Matt Duchene,Dallas Stars,C
2,25.0,4,10,18,26,9,0,6,16.6,407,17.8,7,12,36.8,45,60,8,3,2.573170731707317,0.975609756097561,0.2926829268292683,1.1219512195121952,0,7.75,5.851929456739159,Very Good,1.8980705432608413,Jason Robertson,Dallas Stars,LW
3,21.0,5,2,14,19,11,3,4,16.3,389,18.93,465,444,51.2,47,45,8,0,2.4634146341463414,0.8658536585365854,0.35365853658536583,0.6951219512195121,0,8.4,6.3965498933032725,Very Good,2.003450106696728,Wyatt Johnston,Dallas Stars,C
4,28.0,8,18,30,20,7,1,7,17.5,285,16.88,458,392,53.9,46,53,8,3,2.1052631578947367,0.881578947368421,0.2236842105263158,0.9210526315789473,0,8.45,7.829759845835132,Very Good,0.6202401541648674,Roope Hintz,Dallas Stars,LW
5,23.0,2,32,16,15,1,0,3,9.4,396,23.38,0,0,0.0,110,33,8,1,2.1923076923076925,0.6410256410256411,0.3717948717948718,1.5128205128205128,0,4.0,4.116711265169133,Very Good,-0.11671126516913333,Thomas Harley,Dallas Stars,D
6,35.0,1,3,70,15,1,0,4,11.8,255,15.3,296,233,56.0,45,114,8,3,1.7,0.6125,0.1625,0.725,0,1.0,2.7178791035802328,Solid Role,-1.7178791035802328,Jamie Benn,Dallas Stars,LW
7,29.0,4,15,53,17,5,0,4,16.4,257,15.33,12,13,48.0,21,79,8,2,2.161290322580645,0.7580645161290323,0.3548387096774194,0.9354838709677419,0,4.5,4.908295352190352,Very Good,-0.4082953521903523,Mason Marchment,Dallas Stars,F
8,35.0,1,1,10,15,5,0,2,16.3,234,13.53,0,0,0.0,39,44,8,4,1.5375,0.5,0.1125,0.825,0,1.0,2.6781259876608456,Solid Role,-1.6781259876608456,Evgenii Dadonov,Dallas Stars,RW
9,21.0,3,2,6,8,1,0,4,6.1,258,15.1,85,98,46.4,24,42,8,0,2.5084745762711864,0.4915254237288136,0.2542372881355932,0.6949152542372882,1,0.814167,1.899096778862435,Depth Role,-1.0849297788624352,Logan Stankoven,Dallas Stars,C
10,30.0,5,34,14,4,1,0,0,5.1,229,22.18,0,0,0.0,170,50,8,1,1.2375,0.325,0.375,1.3625,0,5.25,4.951081288188331,Solid Role,0.29891871181166874,Esa Lindell,Dallas Stars,D
11,26.0,2,-6,31,5,0,1,1,6.7,177,14.13,214,186,53.5,26,60,8,0,1.1265822784810127,0.31645569620253167,0.16455696202531644,0.5189873417721519,0,2.1,2.0803165978097056,Depth Role,0.01968340219029452,Sam Steel,Dallas Stars,C
12,23.0,1,6,8,10,1,0,1,13.8,165,12.68,161,187,46.3,37,46,8,0,1.095890410958904,0.3424657534246575,0.1643835616438356,0.5342465753424658,1,0.95,0.12036414539301621,Depth Role,0.8296358546069837,Mavrik Bourque,Dallas Stars,C
13,25.0,8,7,10,5,0,0,0,4.6,287,25.17,0,0,0.0,85,17,8,1,2.16,0.5,0.56,1.34,0,8.45,7.6813297115820705,Very Good,0.7686702884179288,Miro Heiskanen,Dallas Stars,D
14,32.0,3,8,8,7,0,0,3,16.3,89,17.08,33,17,66.0,23,20,8,0,1.3870967741935485,0.6774193548387096,0.1935483870967742,0.7096774193548387,0,7.0,4.606493232085631,Solid Role,2.393506767914369,Mikael Granlund,Dallas Stars,C
17,31.0,2,4,16,4,0,2,0,9.5,129,11.57,151,157,49.0,23,84,8,0,1.0,0.2698412698412698,0.23809523809523808,0.5396825396825397,1,0.775,0.9554254656090482,Depth Role,-0.18042546560904815,Colin Blackwell,Dallas Stars,C
18,24.0,2,1,8,4,0,0,0,9.1,97,11.7,90,83,52.0,35,28,8,0,0.6027397260273972,0.2191780821917808,0.1643835616438356,0.7397260273972602,1,0.825,0.4743789844341455,Depth Role,0.35062101556585445,Oskar Back,Dallas Stars,C
19,30.0,2,5,32,1,0,0,0,2.0,146,17.38,0,0,0.0,136,84,8,1,0.6375,0.175,0.25,1.3625,0,3.25,2.4998094181473616,Depth Role,0.7501905818526384,Ilya Lyubushkin,Dallas Stars,D
20,30.0,2,-5,60,1,0,0,0,1.8,199,15.3,0,0,0.0,60,70,8,1,0.9047619047619048,0.15873015873015872,0.25396825396825395,0.9841269841269841,0,3.75,2.3764671303521885,Depth Role,1.3735328696478115,Mathew Dumba,Dallas Stars,D
21,20.0,3,2,41,4,0,0,1,10.3,100,14.88,0,0,0.0,23,155,8,1,1.0263157894736843,0.23684210526315788,0.10526315789473684,0.5789473684210527,1,0.918333,1.2750178709140583,Depth Role,-0.3566848709140583,Lian Bichsel,Dallas Stars,D
22,31.0,4,15,10,0,0,0,0,0.0,85,20.23,0,0,0.0,55,24,8,1,0.967741935483871,0.2903225806451613,0.22580645161290322,0.7741935483870968,0,4.5,4.4939416007918735,Depth Role,0.006058399208126453,Cody Ceci,Dallas Stars,D
23,35.0,1,-9,33,0,0,1,0,3.7,80,13.22,0,0,0.0,23,41,8,1,0.84375,0.1875,0.21875,0.875,0,1.0,1.9810154096468091,Depth Role,-0.9810154096468091,Brendan Smith,Dallas Stars,D
24,24.0,1,4,20,0,0,0,0,0.0,145,15.02,0,0,0.0,34,23,8,1,1.3333333333333333,0.1282051282051282,0.15384615384615385,0.7948717948717948,0,1.25,1.6549763125842873,Depth Role,-0.40497631258428735,Nils Lundkvist,Dallas Stars,D
1,29.0,8,25,41,23,9,0,5,10.0,590,22.78,756,758,49.9,58,38,6,0,4.050632911392405,1.4683544303797469,0.34177215189873417,1.5316455696202531,0,12.6,10.998654251811097,Elite,1.601345748188903,Nathan MacKinnon,Colorado Avalanche,C
2,26.0,6,28,14,16,12,2,4,12.2,623,25.72,0,0,0.0,128,51,6,1,3.075,1.15,0.75,1.4125,0,9.0,9.322512109437845,Elite,-0.32251210943784514,Cale Makar,Colorado Avalanche,D
3,28.0,8,12,28,17,8,0,5,18.5,287,22.5,121,106,53.3,32,28,6,4,2.7551020408163267,1.3061224489795917,0.4489795918367347,0.9795918367346939,0,12.0,9.831150728652933,Elite,2.1688492713470673,Mikko Rantanen,Colorado Avalanche,RW
4,29.0,5,36,34,25,1,1,5,18.2,292,20.38,7,9,43.8,39,33,6,3,2.1449275362318843,0.6521739130434783,0.17391304347826086,0.7971014492753623,0,4.5,5.329079007295961,Solid Role,-0.8290790072959613,Artturi Lehkonen,Colorado Avalanche,LW
5,30.0,7,30,26,9,1,0,4,7.2,342,24.58,0,0,0.0,103,40,6,1,1.8157894736842106,0.5789473684210527,0.4605263157894737,1.0657894736842106,0,7.25,7.064431342574797,Very Good,0.18556865742520312,Devon Toews,Colorado Avalanche,D
6,29.0,2,4,6,8,3,0,2,19.6,113,18.18,9,13,40.9,12,14,6,3,1.302325581395349,0.8604651162790697,0.3488372093023256,0.813953488372093,0,4.0,4.39869704904806,Very Good,-0.39869704904806014,Jonathan Drouin,Colorado Avalanche,LW
7,26.0,3,-12,20,9,2,0,3,13.4,149,17.0,345,469,42.4,23,24,6,0,1.3015873015873016,0.5396825396825397,0.25396825396825395,1.0317460317460319,0,5.75,3.667631727630399,Solid Role,2.082368272369601,Casey Mittelstadt,Colorado Avalanche,C
8,29.0,8,11,8,16,5,0,0,17.8,212,19.73,3,3,50.0,21,55,6,4,2.744186046511628,0.7906976744186046,0.16279069767441862,0.9767441860465116,0,6.125,8.012214769118884,Very Good,-1.8872147691188843,Valeri Nichushkin,Colorado Avalanche,RW
9,28.0,4,-1,18,11,5,0,3,12.8,253,14.42,39,58,40.2,42,145,6,0,2.0491803278688523,0.47540983606557374,0.2459016393442623,0.7704918032786885,0,4.0,4.098670955181368,Depth Role,-0.09867095518136804,Ross Colton,Colorado Avalanche,C
10,26.0,2,1,6,6,5,0,3,13.6,161,20.5,3,6,33.3,7,22,6,0,2.7,0.9333333333333333,0.26666666666666666,1.0333333333333334,0,6.5,5.199045183278892,Very Good,1.3009548167211076,Martin Necas,Colorado Avalanche,C
11,26.0,7,7,14,3,0,0,2,3.2,227,20.85,0,0,0.0,111,62,6,1,1.3013698630136987,0.3287671232876712,0.3287671232876712,1.178082191780822,0,5.0,5.768729081479273,Solid Role,-0.7687290814792727,Samuel Girard,Colorado Avalanche,D
12,28.0,1,15,20,15,0,1,2,19.0,160,12.52,23,25,47.9,38,114,6,2,1.0632911392405062,0.2911392405063291,0.21518987341772153,0.45569620253164556,0,1.25,1.2800577196990455,Depth Role,-0.03005771969904547,Joel Kiviranta,Colorado Avalanche,F
13,28.0,6,-4,26,10,0,0,1,11.2,175,14.12,27,43,38.6,50,68,6,4,1.1125,0.2625,0.2125,0.4,0,2.5,4.213967087932329,Depth Role,-1.7139670879323292,Logan O'Connor,Colorado Avalanche,RW
14,25.0,2,-1,29,7,0,1,2,8.1,210,12.75,302,400,43.0,72,161,6,2,1.2375,0.2375,0.2125,0.5125,1,0.825,0.4975258488174119,Depth Role,0.32747415118258805,Parker Kelly,Colorado Avalanche,F
15,33.0,4,-6,28,1,0,0,0,1.5,167,18.03,0,0,0.0,59,105,6,1,1.3541666666666667,0.3125,0.4166666666666667,1.5416666666666667,0,4.5,4.243552560214172,Solid Role,0.25644743978582785,Josh Manson,Colorado Avalanche,D
16,26.0,1,8,16,5,0,0,0,4.3,279,15.95,0,0,0.0,107,57,6,1,1.513157894736842,0.19736842105263158,0.3815789473684211,0.8947368421052632,0,1.4,1.7456203430923893,Depth Role,-0.3456203430923894,Sam Malinski,Colorado Avalanche,D
19,24.0,2,0,10,4,1,0,1,15.2,74,12.97,193,148,56.6,26,28,6,0,1.0,0.2727272727272727,0.24242424242424243,0.45454545454545453,0,1.725,2.2461110052329416,Depth Role,-0.5211110052329415,Jack Drury,Colorado Avalanche,C
20,29.0,6,-5,48,4,0,0,1,6.7,122,11.35,3,8,27.3,15,48,6,3,1.6216216216216217,0.21621621621621623,0.16216216216216217,0.7027027027027027,0,2.5,4.205817587609094,Depth Role,-1.7058175876090944,Miles Wood,Colorado Avalanche,LW
21,25.0,2,-7,10,2,2,0,0,14.8,58,12.0,0,5,0.0,13,34,6,4,0.9642857142857143,0.2857142857142857,0.2857142857142857,0.6071428571428571,1,0.925,1.1006464318839542,Depth Role,-0.17564643188395412,Nikolai Kovalenko,Colorado Avalanche,RW
22,22.0,2,-9,8,3,2,0,0,14.7,65,10.03,56,81,40.9,9,12,6,2,0.85,0.2,0.05,0.55,1,0.845,0.5818383074694027,Depth Role,0.2631616925305973,Ivan Ivan,Colorado Avalanche,F
23,33.0,1,-8,10,0,0,0,0,0.0,135,14.92,0,0,0.0,58,59,6,1,1.0909090909090908,0.1590909090909091,0.11363636363636363,0.7954545454545454,1,0.8,0.7795008258638396,Depth Role,0.020499174136160425,Calvin de Haan,Colorado Avalanche,D
24,23.0,2,2,8,2,0,0,0,13.3,24,9.78,29,23,55.8,6,41,6,0,0.6818181818181818,0.2727272727272727,0.0,0.22727272727272727,0,1.25,1.896481642818017,Depth Role,-0.6464816428180169,Juuso Parssinen,Colorado Avalanche,C
29,26.0,2,0,28,0,0,0,0,0.0,111,11.48,0,0,0.0,37,69,6,1,1.0731707317073171,0.04878048780487805,0.17073170731707318,0.6585365853658537,1,0.775,0.46857909116945473,Depth Role,0.3064209088305453,Keaton Middleton,Colorado Avalanche,D
32,33.0,1,-8,14,1,0,0,0,3.4,48,7.1,48,60,44.4,13,57,6,0,1.0357142857142858,0.03571428571428571,0.03571428571428571,0.14285714285714285,1,0.775,-0.22329106992934822,Depth Role,0.9982910699293482,Chris Wagner,Colorado Avalanche,C
1,25.0,8,20,20,17,3,1,5,14.5,308,19.95,733,605,54.8,48,13,25,0,2.0714285714285716,1.1571428571428573,0.3142857142857143,1.4142857142857144,0,8.125,8.791852448651184,Elite,-0.6668524486511842,Robert Thomas,St. Louis Blues,C
2,26.0,8,23,20,29,7,0,4,15.1,465,17.48,5,10,33.3,36,50,25,0,2.9146341463414633,0.8536585365853658,0.25609756097560976,0.9634146341463414,0,8.125,7.626544091599946,Very Good,0.4984559084000537,Jordan Kyrou,St. Louis Blues,C
3,23.0,2,21,10,20,6,0,8,14.6,336,16.82,61,82,42.7,50,165,25,0,2.311688311688312,0.8181818181818182,0.44155844155844154,0.8961038961038961,0,2.290457,3.8014330041886,Very Good,-1.5109760041886,Dylan Holloway,St. Louis Blues,C
4,29.0,6,10,23,18,2,0,3,13.8,295,19.03,85,143,37.3,32,44,25,3,1.9078947368421053,0.75,0.19736842105263158,0.9210526315789473,0,8.0,6.287602157132252,Very Good,1.7123978428677482,Pavel Buchnevich,St. Louis Blues,LW
5,33.0,8,3,61,16,2,0,5,12.5,278,17.57,618,564,52.3,55,194,25,0,1.7560975609756098,0.6097560975609756,0.15853658536585366,0.6829268292682927,0,6.5,6.909832438127213,Solid Role,-0.40983243812721337,Brayden Schenn,St. Louis Blues,C
6,22.0,2,0,56,16,6,0,3,18.0,196,15.9,5,13,27.8,56,173,25,3,1.4878048780487805,0.5609756097560976,0.17073170731707318,0.6219512195121951,0,3.75,2.647523484869507,Solid Role,1.1024765151304932,Jake Neighbours,St. Louis Blues,LW
7,21.0,3,20,37,12,7,0,0,15.8,245,12.8,5,9,35.7,36,108,25,0,1.6666666666666667,0.5,0.2361111111111111,0.8194444444444444,0,4.0125,3.065428464614894,Solid Role,0.9470715353851062,Zachary Bolduc,St. Louis Blues,C
8,33.0,8,19,8,7,2,0,1,12.7,162,21.7,0,0,0.0,58,6,25,1,1.392156862745098,0.7058823529411765,0.23529411764705882,0.9411764705882353,0,6.5,7.913013418574651,Very Good,-1.4130134185746508,Cam Fowler,St. Louis Blues,D
9,31.0,8,12,8,14,1,1,4,12.8,251,23.75,0,0,0.0,149,92,25,1,1.953125,0.5625,0.421875,1.34375,0,6.5,7.530589361757122,Very Good,-1.030589361757122,Colton Parayko,St. Louis Blues,D
10,32.0,7,-9,30,3,1,0,1,3.2,296,22.45,0,0,0.0,108,82,25,1,1.5897435897435896,0.41025641025641024,0.358974358974359,1.2820512820512822,0,6.5,6.698230327651382,Solid Role,-0.19823032765138215,Justin Faulk,St. Louis Blues,D
11,23.0,2,21,16,8,0,0,2,8.2,238,20.5,0,0,0.0,103,43,25,1,1.4264705882352942,0.4264705882352941,0.3235294117647059,1.5147058823529411,0,4.580917,3.213423660143232,Solid Role,1.3674933398567681,Philip Broberg,St. Louis Blues,D
12,30.0,2,-6,32,2,4,0,0,10.0,130,13.2,260,312,45.5,53,78,25,0,0.8955223880597015,0.29850746268656714,0.2835820895522388,0.6119402985074627,0,1.5,2.397672857300613,Depth Role,-0.8976728573006132,Oskar Sundqvist,St. Louis Blues,C
13,25.0,1,-1,25,4,0,0,1,4.4,171,12.5,4,5,44.4,53,223,25,4,1.125,0.225,0.075,0.3,0,1.7,0.9481389619148608,Depth Role,0.7518610380851392,Alexey Toropchenko,St. Louis Blues,RW
14,30.0,2,-5,63,8,0,0,0,11.1,133,12.1,82,74,52.6,61,281,25,0,0.9863013698630136,0.2191780821917808,0.136986301369863,0.589041095890411,1,0.775,0.2629275451504256,Depth Role,0.5120724548495744,Nathan Walker,St. Louis Blues,C
15,32.0,1,-14,6,7,0,0,0,9.3,131,14.6,3,6,33.3,11,7,25,3,1.744186046511628,0.37209302325581395,0.3023255813953488,0.6511627906976745,0,2.0,2.2767593366085537,Depth Role,-0.2767593366085537,Brandon Saad,St. Louis Blues,LW
16,40.0,1,7,24,1,0,1,0,3.2,158,19.47,0,0,0.0,109,39,25,1,0.7560975609756098,0.18292682926829268,0.18292682926829268,0.7804878048780488,1,0.775,1.3455793361460668,Depth Role,-0.5705793361460668,Ryan Suter,St. Louis Blues,D
17,31.0,3,-2,30,5,0,0,1,7.4,143,13.02,432,326,57.0,50,115,25,0,0.9714285714285714,0.21428571428571427,0.18571428571428572,0.45714285714285713,0,2.0,2.7475744239902715,Depth Role,-0.7475744239902715,Radek Faksa,St. Louis Blues,C
18,27.0,4,-6,28,3,0,1,0,5.8,138,11.9,33,31,51.6,36,121,25,4,1.15,0.23333333333333334,0.26666666666666666,0.4166666666666667,0,2.95,3.0357463857640434,Depth Role,-0.08574638576404325,Mathieu Joseph,St. Louis Blues,RW
19,25.0,2,-3,10,5,1,0,1,12.0,89,12.48,0,2,0.0,11,20,25,0,1.6129032258064515,0.3548387096774194,0.16129032258064516,0.41935483870967744,0,2.1,2.3576361297610706,Depth Role,-0.25763612976107053,Alexandre Texier,St. Louis Blues,C
20,24.0,2,4,55,3,0,0,0,9.1,98,14.58,0,0,0.0,39,81,25,1,0.868421052631579,0.18421052631578946,0.34210526315789475,0.7368421052631579,1,0.925,0.6298126632313572,Depth Role,0.29518733676864284,Tyler Tucker,St. Louis Blues,D
21,26.0,1,1,6,2,0,0,0,22.2,26,14.62,0,0,0.0,21,9,25,1,0.375,0.25,0.16666666666666666,0.75,1,0.775,0.8595075009724358,Depth Role,-0.08450750097243576,Scott Perunovich,St. Louis Blues,D
22,33.0,4,6,2,2,0,0,0,9.5,50,18.67,0,0,0.0,26,5,25,1,0.6774193548387096,0.16129032258064516,0.3548387096774194,1.3870967741935485,0,4.0,4.345548037685395,Depth Role,-0.3455480376853952,Nick Leddy,St. Louis Blues,D
24,24.0,2,-3,10,0,0,0,0,0.0,55,13.13,0,0,0.0,23,22,25,1,0.5862068965517241,0.10344827586206896,0.20689655172413793,1.0689655172413792,1,0.8,0.5032351920166445,Depth Role,0.2967648079833556,Matthew Kessel,St. Louis Blues,D
25,25.0,1,-7,23,0,0,0,0,0.0,47,13.1,0,0,0.0,13,13,25,1,0.9565217391304348,0.08695652173913043,0.30434782608695654,1.2173913043478262,1,0.775,-0.019657214080099017,Depth Role,0.794657214080099,Pierre-Olivier Joseph,St. Louis Blues,D
1,26.0,8,-12,28,20,10,0,5,13.8,445,19.12,10,20,33.3,30,11,28,0,2.691358024691358,1.1111111111111112,0.3333333333333333,0.9753086419753086,0,7.15,8.88849778454658,Elite,-1.7384977845465794,Clayton Keller,Utah Hockey Club (Mammoth),C
2,20.0,3,1,46,18,7,0,2,15.8,293,17.87,340,420,44.7,32,63,28,0,2.1066666666666665,0.8666666666666667,0.32,0.88,1,0.95,3.2013493651514775,Very Good,-2.2513493651514773,Logan Cooley,Utah Hockey Club (Mammoth),C
3,28.0,7,-15,14,11,9,0,3,10.8,374,18.58,185,191,49.2,45,14,28,0,2.268292682926829,0.7682926829268293,0.3780487804878049,1.1341463414634145,0,5.85,7.536530914441093,Very Good,-1.686530914441093,Nick Schmaltz,Utah Hockey Club (Mammoth),C
4,21.0,8,-4,26,15,12,0,9,13.2,450,17.0,10,19,34.5,42,53,28,4,2.914285714285714,0.8571428571428571,0.2571428571428571,0.7857142857142857,0,7.142857,8.097723420753969,Very Good,-0.9548664207539685,Dylan Guenther,Utah Hockey Club (Mammoth),RW
5,26.0,8,-8,32,11,3,1,3,11.4,367,25.12,0,0,0.0,140,61,28,1,1.7142857142857142,0.6883116883116883,0.4155844155844156,1.6363636363636365,0,8.5,8.104000563037467,Very Good,0.3959994369625335,Mikhail Sergachev,Utah Hockey Club (Mammoth),D
6,24.0,2,-6,45,13,7,0,7,12.9,306,16.1,552,468,54.1,44,31,28,0,1.8902439024390243,0.5609756097560976,0.1951219512195122,0.5609756097560976,0,2.65,3.396159435565429,Solid Role,-0.7461594355654291,Barrett Hayton,Utah Hockey Club (Mammoth),C
7,25.0,2,4,89,6,1,0,1,4.7,350,17.68,0,0,0.0,67,87,28,1,1.829268292682927,0.35365853658536583,0.2682926829268293,1.024390243902439,0,1.4,2.5532783701660846,Solid Role,-1.1532783701660847,Michael Kesselring,Utah Hockey Club (Mammoth),D
8,28.0,2,-6,40,13,0,1,1,13.7,196,14.35,624,430,59.2,64,50,28,0,1.2439024390243902,0.34146341463414637,0.1951219512195122,0.6097560975609756,0,2.0,2.152368920695399,Depth Role,-0.1523689206953991,Kevin Stenlund,Utah Hockey Club (Mammoth),C
9,30.0,1,-5,14,9,0,2,1,11.0,177,15.25,259,234,52.5,67,59,28,0,1.2345679012345678,0.345679012345679,0.37037037037037035,0.9629629629629629,0,3.0,1.9078539796409615,Depth Role,1.0921460203590385,Alexander Kerfoot,Utah Hockey Club (Mammoth),C
10,25.0,5,8,78,12,1,0,1,14.4,189,13.57,229,231,49.8,50,291,28,0,1.0975609756097562,0.32926829268292684,0.1951219512195122,0.7682926829268293,0,4.25,3.4673115712479325,Depth Role,0.7826884287520675,Jack McBain,Utah Hockey Club (Mammoth),C
11,32.0,2,-2,16,7,1,0,0,7.0,204,12.32,207,230,47.4,29,104,28,0,1.7424242424242424,0.2878787878787879,0.18181818181818182,0.5909090909090909,0,1.75,2.211357517641738,Depth Role,-0.46135751764173794,Nick Bjugstad,Utah Hockey Club (Mammoth),C
12,22.0,3,-2,8,4,3,0,1,8.0,183,13.52,35,50,41.2,14,45,28,4,1.7254901960784315,0.37254901960784315,0.19607843137254902,0.49019607843137253,1,0.925,1.6876457418260067,Depth Role,-0.7626457418260066,Josh Doan,Utah Hockey Club (Mammoth),RW
13,28.0,1,-7,36,7,0,0,0,9.3,181,11.43,5,5,50.0,11,48,28,2,1.4150943396226414,0.3584905660377358,0.11320754716981132,0.7169811320754716,1,0.775,0.3349793080347103,Depth Role,0.4400206919652897,Michael Carcone,Utah Hockey Club (Mammoth),F
14,27.0,5,-4,39,11,1,0,2,9.5,241,13.73,19,22,46.3,46,193,28,3,1.5555555555555556,0.2222222222222222,0.19753086419753085,0.7283950617283951,0,4.3,3.714779540372725,Depth Role,0.585220459627275,Lawson Crouse,Utah Hockey Club (Mammoth),LW
15,30.0,3,7,16,2,0,0,0,2.9,171,19.92,0,0,0.0,117,22,28,1,1.0,0.2571428571428571,0.35714285714285715,1.3714285714285714,0,3.5,3.5831967170393635,Depth Role,-0.08319671703936349,Olli Maatta,Utah Hockey Club (Mammoth),D
16,24.0,3,-13,8,8,0,0,0,9.3,200,13.73,6,6,50.0,10,6,28,3,1.5636363636363637,0.32727272727272727,0.2,0.8363636363636363,0,3.425,3.0685521406783414,Depth Role,0.35644785932165846,Matias Maccelli,Utah Hockey Club (Mammoth),LW
17,35.0,1,-2,77,1,0,0,0,1.5,189,20.28,0,0,0.0,211,106,28,1,0.8048780487804879,0.2073170731707317,0.3048780487804878,1.4390243902439024,0,2.8,2.3630349783379563,Depth Role,0.43696502166204354,Ian Cole,Utah Hockey Club (Mammoth),D
18,27.0,6,1,2,1,0,0,0,3.4,76,21.17,0,0,0.0,46,9,28,1,0.8285714285714286,0.4,0.2857142857142857,0.9142857142857143,0,4.4,5.74276104057666,Solid Role,-1.3427610405766597,John Marino,Utah Hockey Club (Mammoth),D
19,26.0,4,4,19,3,1,0,0,10.3,131,20.65,0,0,0.0,52,15,28,1,1.3,0.36666666666666664,0.36666666666666664,1.5333333333333334,0,6.0,4.874032040057264,Solid Role,1.1259679599427361,Sean Durzi,Utah Hockey Club (Mammoth),D
21,26.0,2,-5,14,2,0,0,0,5.0,109,16.55,0,0,0.0,49,23,28,1,0.9302325581395349,0.11627906976744186,0.2558139534883721,0.9302325581395349,0,2.0,2.2758510415570066,Depth Role,-0.27585104155700657,Juuso Valimaki,Utah Hockey Club (Mammoth),D
22,23.0,2,-7,2,2,0,0,1,16.7,37,12.33,0,0,0.0,19,14,28,1,0.5217391304347826,0.21739130434782608,0.17391304347826086,1.0,1,0.775,0.9183477063265633,Depth Role,-0.14334770632656324,Vladislav Kolyachonok,Utah Hockey Club (Mammoth),D
25,30.0,3,1,50,0,0,0,0,0.0,73,9.3,0,4,0.0,11,100,28,0,1.2142857142857142,0.07142857142857142,0.07142857142857142,0.2857142857142857,0,1.0,1.870973186523237,Depth Role,-0.8709731865232371,Liam O'Brien,Utah Hockey Club (Mammoth),C
1,30.0,8,-27,44,21,10,0,3,11.0,602,18.63,4,13,23.5,52,151,16,0,3.426829268292683,0.926829268292683,0.4634146341463415,1.3780487804878048,0,8.5,8.704493202957213,Very Good,-0.20449320295721307,Filip Forsberg,Nashville Predators,C
2,34.0,5,-29,37,17,4,0,4,10.2,381,17.98,17,50,25.4,25,77,16,0,2.641025641025641,0.717948717948718,0.1282051282051282,1.141025641025641,0,5.5,5.839814496631639,Very Good,-0.33981449663163943,Jonathan Marchessault,Nashville Predators,C
3,34.0,4,-36,48,13,14,0,6,15.5,356,18.0,395,399,49.7,46,66,16,0,2.1219512195121952,0.6463414634146342,0.21951219512195122,0.6951219512195121,0,8.0,5.820372954133024,Solid Role,2.179627045866976,Steven Stamkos,Nashville Predators,C
4,33.0,4,-23,24,12,9,0,3,13.9,270,18.98,746,593,55.7,72,20,16,0,1.9113924050632911,0.6708860759493671,0.3924050632911392,0.810126582278481,0,4.5,5.648402135724095,Solid Role,-1.148402135724095,Ryan O'Reilly,Nashville Predators,C
5,34.0,8,-26,18,7,2,0,1,6.0,368,25.03,0,0,0.0,95,42,16,1,2.830188679245283,0.7169811320754716,0.4339622641509434,1.4150943396226414,0,9.059,8.572449835974467,Very Good,0.4865501640255321,Roman Josi,Nashville Predators,D
6,30.0,7,-24,42,8,2,0,1,6.4,324,21.88,0,0,0.0,93,52,16,1,1.9024390243902438,0.4024390243902439,0.3902439024390244,1.2317073170731707,0,7.0,6.265807394799701,Solid Role,0.7341926052002989,Brady Skjei,Nashville Predators,D
7,22.0,3,-2,22,9,1,0,1,7.5,211,13.87,0,3,0.0,13,28,16,4,1.9705882352941178,0.47058823529411764,0.23529411764705882,0.5441176470588235,1,0.925,1.3887639163705972,Depth Role,-0.4637639163705971,Luke Evangelista,Nashville Predators,RW
8,27.0,3,-5,4,12,1,0,2,14.8,147,13.23,92,122,43.0,21,6,16,0,1.6923076923076923,0.4230769230769231,0.21153846153846154,0.9038461538461539,0,3.5,2.8260282660639957,Depth Role,0.6739717339360043,Thomas Novak,Nashville Predators,C
9,31.0,7,-12,22,7,0,0,0,8.8,150,14.37,342,282,54.8,67,100,16,0,1.1111111111111112,0.2916666666666667,0.2777777777777778,0.4444444444444444,0,2.857143,4.796909069220771,Depth Role,-1.9397660692207706,Colton Sissons,Nashville Predators,C
10,35.0,1,-20,12,7,1,1,0,12.7,171,17.65,11,13,45.8,22,29,16,4,1.2456140350877194,0.3684210526315789,0.22807017543859648,0.8596491228070176,0,3.25,2.7803403713500803,Depth Role,0.4696596286499197,Gustav Nyquist,Nashville Predators,RW
11,21.0,3,-17,14,6,2,0,2,12.5,150,12.88,123,212,36.7,24,32,16,0,1.2307692307692308,0.3269230769230769,0.11538461538461539,0.8653846153846154,1,0.925,1.2543611937742831,Depth Role,-0.3293611937742831,Fedor Svechkov,Nashville Predators,C
12,26.0,2,-2,24,3,1,0,2,4.8,193,19.55,0,0,0.0,74,53,16,1,1.4,0.26666666666666666,0.35,0.8333333333333334,1,0.775,1.3786907482644382,Depth Role,-0.6036907482644381,Nick Blankenburg,Nashville Predators,D
13,21.0,3,-6,63,5,0,0,0,6.4,151,12.05,0,4,0.0,25,198,16,3,1.2580645161290323,0.24193548387096775,0.22580645161290322,0.532258064516129,1,0.925,0.4183339953486871,Depth Role,0.506666004651313,Zachary L'Heureux,Nashville Predators,LW
14,29.0,2,-21,102,5,0,0,1,6.3,166,13.75,502,421,54.4,61,149,16,4,1.0810810810810811,0.1891891891891892,0.20270270270270271,0.3918918918918919,1,0.9,0.4284167883783887,Depth Role,0.4715832116216113,Michael McCarron,Nashville Predators,RW
15,23.0,2,-14,15,5,0,0,0,8.8,140,18.45,0,0,0.0,63,63,16,1,1.2666666666666666,0.26666666666666666,0.2222222222222222,1.0222222222222221,0,1.15,2.4822889933252004,Depth Role,-1.3322889933252005,Justin Barron,Nashville Predators,D
16,29.0,2,-15,69,4,0,0,0,5.8,140,13.6,9,8,52.9,29,163,16,2,0.971830985915493,0.16901408450704225,0.2535211267605634,0.5774647887323944,0,1.0,1.7203735522575139,Depth Role,-0.7203735522575139,Cole Smith,Nashville Predators,F
17,30.0,2,0,15,4,0,0,0,8.9,94,12.72,113,110,50.7,20,23,16,0,1.0975609756097562,0.21951219512195122,0.0975609756097561,0.36585365853658536,1,0.8,0.7830081392478121,Depth Role,0.01699186075218795,Mark Jankowski,Nashville Predators,C
19,25.0,1,-3,21,2,0,0,0,2.6,158,16.75,0,0,0.0,53,71,16,1,1.6521739130434783,0.1956521739130435,0.41304347826086957,0.8260869565217391,1,0.775,0.4858245273777029,Depth Role,0.28917547262229715,Marc Del Gaizo,Nashville Predators,D
20,28.0,3,-14,12,1,0,0,0,4.3,57,20.13,0,0,0.0,49,31,16,1,0.8214285714285714,0.25,0.4642857142857143,0.9285714285714286,0,3.75,3.515917154996813,Depth Role,0.23408284500318688,Alexandre Carrier,Nashville Predators,D
21,24.0,2,3,6,1,0,0,0,3.0,75,18.1,0,0,0.0,17,18,16,1,1.434782608695652,0.21739130434782608,0.43478260869565216,1.0434782608695652,1,0.775,1.354776462976842,Depth Role,-0.5797764629768419,Adam Wilsby,Nashville Predators,D
23,35.0,3,-9,41,1,0,0,0,1.5,166,15.58,0,0,0.0,76,228,16,1,1.0819672131147542,0.08196721311475409,0.21311475409836064,0.7868852459016393,0,2.75,3.0161834766624565,Depth Role,-0.26618347666245645,Luke Schenn,Nashville Predators,D
27,25.0,2,-7,4,0,0,0,0,0.0,43,16.18,0,0,0.0,24,8,16,1,0.6521739130434783,0.13043478260869565,0.21739130434782608,0.8695652173913043,1,0.825,1.1142297239038514,Depth Role,-0.2892297239038515,Spencer Stastney,Nashville Predators,D
29,29.0,1,-8,36,0,0,0,0,0.0,36,14.6,0,0,0.0,33,58,16,1,0.5416666666666666,0.08333333333333333,0.20833333333333334,0.625,1,0.775,0.3126124976897007,Depth Role,0.46238750231029935,Andreas Englund,Nashville Predators,D
33,27.0,4,-4,37,0,0,0,0,0.0,70,17.97,0,0,0.0,34,127,16,1,0.8928571428571429,0.03571428571428571,0.14285714285714285,0.6785714285714286,0,2.0,3.792198065739961,Depth Role,-1.792198065739961,Jeremy Lauzon,Nashville Predators,D
1,19.0,3,-36,70,12,11,0,5,11.8,402,20.28,251,405,38.3,37,47,5,0,2.3780487804878048,0.8170731707317073,0.3170731707317073,1.0975609756097562,1,0.95,3.7550296696350687,Very Good,-2.8050296696350685,Connor Bedard,Chicago Blackhawks,C
2,28.0,4,-15,41,26,5,0,3,17.0,336,16.32,234,291,44.6,18,104,5,0,2.275,0.775,0.2875,0.6,0,4.0,4.630671063924608,Very Good,-0.6306710639246083,Ryan Donato,Chicago Blackhawks,C
3,30.0,3,-23,12,8,7,0,0,13.5,224,17.07,60,93,39.2,29,27,5,2,1.353658536585366,0.7073170731707317,0.2804878048780488,0.926829268292683,0,5.4,4.562153537841473,Very Good,0.8378464621585273,Teuvo Teravainen,Chicago Blackhawks,F
4,29.0,4,-39,51,13,10,0,1,17.6,246,16.0,22,25,46.8,28,60,5,3,1.5975609756097562,0.5609756097560976,0.24390243902439024,0.6463414634146342,0,5.5,4.531220040655365,Solid Role,0.9687799593446353,Tyler Bertuzzi,Chicago Blackhawks,LW
5,37.0,2,-17,48,11,2,2,1,14.4,163,15.92,341,363,48.4,34,200,5,3,1.3333333333333333,0.44871794871794873,0.20512820512820512,0.6410256410256411,0,4.5,2.916587838751599,Depth Role,1.583412161248401,Nick Foligno,Chicago Blackhawks,LW
6,30.0,4,4,16,17,0,3,3,14.5,221,15.68,1,11,8.3,15,34,5,2,1.725,0.425,0.2625,0.675,0,4.75,3.577579743942434,Depth Role,1.172420256057566,Ilya Mikheyev,Chicago Blackhawks,F
7,23.0,6,-23,12,3,1,0,0,3.9,211,23.27,0,0,0.0,157,59,5,1,1.2560975609756098,0.36585365853658536,0.6463414634146342,1.1829268292682926,0,4.6,5.069380431477255,Solid Role,-0.46938043147725494,Alex Vlasic,Chicago Blackhawks,D
8,30.0,8,-18,18,2,5,0,2,8.6,196,24.5,0,0,0.0,83,62,5,1,1.9285714285714286,0.6428571428571429,0.42857142857142855,1.3333333333333333,0,9.5,8.148028524292616,Very Good,1.3519714757073835,Seth Jones,Chicago Blackhawks,D
9,21.0,3,-11,24,10,1,1,2,13.2,171,15.87,170,211,44.6,35,30,5,0,1.7169811320754718,0.49056603773584906,0.1509433962264151,1.0754716981132075,1,0.95,1.8915563559213582,Depth Role,-0.9415563559213582,Frank Nazar,Chicago Blackhawks,C
10,33.0,3,-15,16,8,1,0,1,11.0,169,14.98,32,40,44.4,29,23,5,3,1.7826086956521738,0.5217391304347826,0.5434782608695652,0.8695652173913043,0,3.166667,3.7256586025175418,Solid Role,-0.5589916025175419,Taylor Hall,Chicago Blackhawks,LW
11,22.0,2,-16,12,8,0,0,1,11.1,117,11.92,142,214,39.9,29,24,5,3,1.0285714285714285,0.3142857142857143,0.18571428571428572,0.5142857142857142,0,1.2,1.479465087847767,Depth Role,-0.27946508784776714,Lukas Reichel,Chicago Blackhawks,LW
12,31.0,4,-2,52,2,0,0,0,2.4,193,20.62,0,0,0.0,160,117,5,1,1.2352941176470589,0.27941176470588236,0.25,0.9411764705882353,0,4.4,3.8242133318427656,Depth Role,0.5757866681572348,Connor Murphy,Chicago Blackhawks,D
13,36.0,1,-13,97,4,1,0,1,6.8,133,11.53,36,42,46.2,9,102,5,3,1.0735294117647058,0.27941176470588236,0.058823529411764705,0.5441176470588235,0,1.3,1.45870782650627,Depth Role,-0.15870782650627002,Pat Maroon,Chicago Blackhawks,LW
14,35.0,1,-7,28,7,2,0,1,12.2,123,11.65,7,13,35.0,20,30,5,0,1.85,0.4,0.25,0.65,0,1.0,2.0788080078862956,Depth Role,-1.0788080078862956,Craig Smith,Chicago Blackhawks,C
15,29.0,2,-11,38,7,0,0,0,12.5,150,15.7,453,463,49.5,53,102,5,0,0.9491525423728814,0.2711864406779661,0.22033898305084745,0.4406779661016949,0,4.25,2.4573208243115716,Depth Role,1.7926791756884284,Jason Dickinson,Chicago Blackhawks,C
16,25.0,1,-28,14,6,1,0,1,13.0,112,13.72,97,109,47.1,16,30,5,0,1.0588235294117647,0.27450980392156865,0.2549019607843137,0.5294117647058824,0,1.2,1.59557502756922,Depth Role,-0.39557502756922003,Philipp Kurashev,Chicago Blackhawks,C
17,37.0,1,-15,8,5,0,0,0,13.2,116,18.73,0,0,0.0,81,24,5,1,0.8636363636363636,0.2727272727272727,0.20454545454545456,0.9318181818181818,0,4.0,2.800515606841862,Depth Role,1.199484393158138,Alec Martinez,Chicago Blackhawks,D
18,34.0,2,-18,18,2,0,0,0,8.7,77,15.63,0,0,0.0,58,16,5,1,0.42592592592592593,0.18518518518518517,0.25925925925925924,0.8518518518518519,0,3.75,2.47607159349215,Depth Role,1.2739284065078502,T.J. Brodie,Chicago Blackhawks,D
19,22.0,2,0,14,4,0,0,0,6.1,127,18.12,0,0,0.0,93,54,5,1,1.1578947368421053,0.14035087719298245,0.40350877192982454,1.0526315789473684,0,1.7,2.0890532854171417,Depth Role,-0.3890532854171418,Wyatt Kaiser,Chicago Blackhawks,D
20,21.0,3,-13,16,1,0,0,0,5.9,64,15.13,0,0,0.0,48,61,5,1,0.3953488372093023,0.18604651162790697,0.18604651162790697,0.5116279069767442,1,0.825,1.0326455678675819,Depth Role,-0.20764556786758193,Nolan Allan,Chicago Blackhawks,D
21,22.0,3,-3,17,2,0,0,0,7.4,47,12.13,6,6,50.0,12,86,5,0,1.08,0.28,0.52,0.48,1,0.825,1.0620754128716658,Depth Role,-0.2370754128716659,Colton Dach,Chicago Blackhawks,C
23,22.0,2,-7,23,2,0,0,1,5.9,60,12.3,0,1,0.0,13,25,5,3,1.0303030303030303,0.18181818181818182,0.2727272727272727,0.36363636363636365,1,0.9,0.3524824461611997,Depth Role,0.5475175538388003,Landon Slaggert,Chicago Blackhawks,LW
25,22.0,3,-3,6,2,0,0,0,10.5,50,18.32,0,0,0.0,21,40,5,1,0.7916666666666666,0.25,0.25,1.0416666666666667,1,0.855833,2.256747665164231,Depth Role,-1.400914665164231,Ethan Del Mastro,Chicago Blackhawks,D
27,23.0,2,-6,10,3,0,0,0,10.7,72,17.28,0,0,0.0,49,70,5,1,0.875,0.125,0.125,0.9375,1,0.9,1.314127505437488,Depth Role,-0.4141275054374879,Louis Crevier,Chicago Blackhawks,D
1,28.0,8,32,8,22,5,1,3,12.0,403,20.53,572,682,45.6,55,22,12,0,3.0259740259740258,1.2207792207792207,0.36363636363636365,1.1688311688311688,0,10.0,9.221445116080586,Elite,0.7785548839194139,Jack Eichel,Las Vegas Golden Knights,C
2,32.0,8,22,14,14,5,0,4,14.5,227,19.25,5,10,33.3,42,32,12,4,1.9848484848484849,1.0151515151515151,0.5757575757575758,1.106060606060606,0,9.5,8.336258365197086,Elite,1.1637416348029141,Mark Stone,Las Vegas Golden Knights,RW
3,31.0,8,-3,20,18,14,0,3,18.1,320,17.12,536,422,55.9,56,99,12,0,2.4246575342465753,0.8356164383561644,0.3972602739726027,0.6164383561643836,0,8.1375,8.221932977294465,Very Good,-0.08443297729446542,Tomas Hertl,Las Vegas Golden Knights,C
4,29.0,7,18,26,5,2,0,2,5.5,333,22.0,0,0,0.0,82,6,12,1,1.9104477611940298,0.8507462686567164,0.417910447761194,1.5671641791044777,0,7.425,7.749287006514494,Elite,-0.3242870065144938,Shea Theodore,Las Vegas Golden Knights,D
5,24.0,2,2,30,22,13,0,7,13.8,436,16.53,3,13,18.8,37,28,12,3,3.097560975609756,0.6341463414634146,0.2926829268292683,0.6707317073170732,0,1.835,3.922439386232072,Solid Role,-2.087439386232072,Pavel Dorofeyev,Las Vegas Golden Knights,LW
6,29.0,5,26,10,21,2,0,3,20.7,231,16.8,12,21,36.4,33,104,12,0,1.5857142857142856,0.7285714285714285,0.2571428571428571,1.1142857142857143,0,5.0,5.371984185222624,Very Good,-0.3719841852226242,Ivan Barbashev,Las Vegas Golden Knights,C
7,26.0,5,17,46,22,0,1,4,18.4,217,14.87,272,244,52.7,56,121,12,0,1.5625,0.5,0.275,0.525,0,2.5,3.8940412809141245,Solid Role,-1.3940412809141245,Brett Howden,Las Vegas Golden Knights,C
8,28.0,8,8,14,8,2,0,2,6.9,329,21.55,0,0,0.0,106,43,12,1,1.8125,0.4875,0.4,1.4,0,7.35,7.216412515984148,Solid Role,0.13358748401585174,Noah Hanifin,Las Vegas Golden Knights,D
9,35.0,7,11,16,4,0,0,1,3.3,291,22.4,0,0,0.0,139,41,12,1,1.732394366197183,0.4647887323943662,0.352112676056338,1.4929577464788732,0,8.8,6.883109371822066,Solid Role,1.916890628177935,Alex Pietrangelo,Las Vegas Golden Knights,D
10,27.0,5,-4,43,13,2,0,3,14.0,185,15.22,371,407,47.7,47,72,12,0,1.5070422535211268,0.43661971830985913,0.28169014084507044,0.8169014084507042,0,3.0,4.306263765138698,Depth Role,-1.3062637651386977,Nicolas Roy,Las Vegas Golden Knights,C
11,27.0,3,3,53,12,0,0,3,13.6,167,13.2,6,12,33.3,49,237,12,4,1.0731707317073171,0.36585365853658536,0.15853658536585366,0.4146341463414634,0,2.5,2.4001416714198376,Depth Role,0.09985832858016241,Keegan Kolesar,Las Vegas Golden Knights,RW
12,32.0,8,17,4,7,0,2,4,7.6,242,17.02,410,296,58.1,37,20,12,0,2.2452830188679247,0.5471698113207547,0.2641509433962264,0.9433962264150944,0,5.9,7.288989518101526,Solid Role,-1.3889895181015257,William Karlsson,Las Vegas Golden Knights,C
13,29.0,1,17,16,9,6,0,4,13.8,211,14.5,1,6,14.3,19,26,12,4,1.9464285714285714,0.5178571428571429,0.14285714285714285,0.44642857142857145,0,1.575,2.963055362413154,Solid Role,-1.388055362413154,Victor Olofsson,Las Vegas Golden Knights,RW
14,32.0,1,4,8,11,0,1,2,11.0,201,11.78,6,18,25.0,45,96,12,3,1.3974358974358974,0.34615384615384615,0.19230769230769232,0.5897435897435898,0,1.0,1.781104834215757,Depth Role,-0.7811048342157569,Tanner Pearson,Las Vegas Golden Knights,LW
15,34.0,3,42,32,4,0,1,0,5.2,242,20.12,0,0,0.0,167,131,12,1,1.1829268292682926,0.24390243902439024,0.25609756097560976,0.9634146341463414,0,3.65,3.6862396068343015,Depth Role,-0.03623960683430161,Brayden McNabb,Las Vegas Golden Knights,D
16,32.0,1,6,0,6,0,0,1,11.5,85,15.15,4,12,25.0,10,5,12,3,1.793103448275862,0.4827586206896552,0.27586206896551724,0.9310344827586207,0,2.0,2.7755326710272943,Depth Role,-0.7755326710272943,Brandon Saad,Las Vegas Golden Knights,LW
17,28.0,6,7,37,4,0,0,0,5.6,194,17.52,0,0,0.0,103,117,12,1,0.972972972972973,0.17567567567567569,0.1891891891891892,1.0,0,2.75,4.639669640705079,Depth Role,-1.8896696407050788,Zach Whitecloud,Las Vegas Golden Knights,D
18,23.0,3,-3,10,3,1,0,0,5.8,136,11.58,3,10,23.1,15,39,12,4,1.3018867924528301,0.22641509433962265,0.05660377358490566,0.660377358490566,0,1.775,2.4256763352756447,Depth Role,-0.6506763352756448,Alexander Holtz,Las Vegas Golden Knights,RW
19,26.0,4,-2,40,5,0,0,1,6.8,177,17.0,0,0,0.0,74,82,12,1,1.088235294117647,0.17647058823529413,0.2647058823529412,0.8235294117647058,0,5.5,3.4335001334223323,Depth Role,2.0664998665776677,Nicolas Hague,Las Vegas Golden Knights,D
20,33.0,1,11,2,2,1,0,2,7.5,61,15.02,3,5,37.5,7,6,12,4,1.9047619047619047,0.5238095238095238,0.2857142857142857,0.9523809523809523,0,2.0,3.236457322841464,Solid Role,-1.236457322841464,Reilly Smith,Las Vegas Golden Knights,RW
21,24.0,2,15,2,0,0,0,0,0.0,87,15.07,0,0,0.0,40,59,12,1,0.85,0.25,0.175,0.9,1,0.825,1.0203978882204576,Depth Role,-0.19539788822045767,Kaedan Korczak,Las Vegas Golden Knights,D
22,23.0,1,3,0,1,0,0,0,3.1,68,9.25,110,108,50.5,17,41,12,4,0.7619047619047619,0.19047619047619047,0.14285714285714285,0.5,1,0.825,-0.34024580857973685,Depth Role,1.1652458085797368,Cole Schwindt,Las Vegas Golden Knights,RW
1,28.0,4,22,36,27,7,1,5,14.8,496,19.15,11,13,45.8,36,100,13,3,2.925925925925926,0.9012345679012346,0.16049382716049382,0.9629629629629629,0,5.5,5.925326274729205,Very Good,-0.4253262747292048,Adrian Kempe,Loas Angles Kings,LW
2,37.0,2,14,4,17,4,0,7,21.4,197,18.95,879,658,57.2,67,31,13,0,1.2098765432098766,0.8271604938271605,0.37037037037037035,0.8024691358024691,0,7.0,4.75896231833569,Very Good,2.2410376816643103,Anze Kopitar,Loas Angles Kings,C
3,28.0,7,-7,38,21,14,0,6,14.3,517,18.52,15,22,40.5,22,63,13,3,3.0123456790123457,0.7407407407407407,0.37037037037037035,1.0864197530864197,0,7.875,7.806217164099677,Very Good,0.06878283590032286,Kevin Fiala,Loas Angles Kings,LW
4,22.0,5,16,46,19,3,1,4,14.6,352,18.62,416,526,44.2,33,80,13,0,1.9382716049382716,0.6666666666666666,0.2962962962962963,0.8395061728395061,0,6.25,5.2105016209763475,Solid Role,1.0394983790236525,Quinton Byfield,Loas Angles Kings,C
5,28.0,3,36,24,23,1,0,7,12.1,370,16.17,24,35,40.7,40,74,13,3,2.426829268292683,0.5609756097560976,0.4024390243902439,0.8170731707317073,0,3.5,3.556783945072908,Solid Role,-0.05678394507290818,Warren Foegele,Loas Angles Kings,LW
6,31.0,6,20,26,7,1,0,3,6.6,239,17.67,635,581,52.2,73,83,13,0,1.525,0.5375,0.3125,1.075,0,5.5,5.708529843649857,Solid Role,-0.20852984364985705,Phillip Danault,Loas Angles Kings,C
7,23.0,3,22,20,17,2,0,4,9.8,384,16.53,36,61,37.1,43,124,13,4,2.5064935064935066,0.5454545454545454,0.18181818181818182,0.6233766233766234,0,4.1,3.64005167832259,Solid Role,0.45994832167740984,Alex Laferriere,Loas Angles Kings,RW
8,29.0,5,17,14,16,1,1,2,11.8,322,16.88,1,11,8.3,29,71,13,3,2.1549295774647885,0.5633802816901409,0.323943661971831,0.647887323943662,0,4.2,5.05180542966777,Solid Role,-0.8518054296677695,Trevor Moore,Loas Angles Kings,LW
9,21.0,3,13,46,3,2,0,0,3.8,269,16.28,0,0,0.0,121,23,13,1,1.6794871794871795,0.4230769230769231,0.3076923076923077,0.8076923076923077,1,0.863333,1.6470853436464958,Solid Role,-0.7837523436464958,Brandt Clarke,Loas Angles Kings,D
10,29.0,7,26,28,5,0,0,0,4.5,285,23.08,0,0,0.0,140,50,13,1,1.3658536585365855,0.36585365853658536,0.2682926829268293,0.8414634146341463,0,7.0,6.223318285214113,Solid Role,0.7766817147858873,Vladislav Gavrikov,Loas Angles Kings,D
11,23.0,2,23,16,4,0,0,0,4.7,261,16.78,0,0,0.0,77,80,13,1,1.0886075949367089,0.35443037974683544,0.189873417721519,0.9113924050632911,0,1.5,2.52785651488157,Solid Role,-1.0278565148815701,Jordan Spence,Loas Angles Kings,D
12,23.0,3,6,20,8,1,0,2,11.4,148,11.73,55,66,45.5,30,46,13,0,1.161764705882353,0.36764705882352944,0.1323529411764706,0.5735294117647058,1,0.775,1.1234672393860885,Depth Role,-0.3484672393860885,Alex Turcotte,Loas Angles Kings,C
13,25.0,8,17,28,6,0,0,0,7.1,248,22.68,0,0,0.0,124,119,13,1,1.0909090909090908,0.3116883116883117,0.2857142857142857,0.7402597402597403,0,4.125,6.450660354859005,Solid Role,-2.3256603548590054,Michael Anderson,Loas Angles Kings,D
14,31.0,4,25,22,6,0,0,1,6.6,241,20.58,0,0,0.0,108,100,13,1,1.2465753424657535,0.273972602739726,0.3150684931506849,0.8493150684931506,0,3.85,4.263906996325787,Depth Role,-0.41390699632578665,Joel Edmundson,Loas Angles Kings,D
15,28.0,1,6,2,5,0,0,1,16.1,75,16.52,0,0,0.0,11,8,13,2,1.4090909090909092,0.7727272727272727,0.3181818181818182,0.9545454545454546,0,4.3,3.6113109444536846,Very Good,0.6886890555463152,Andrei Kuzmenko,Loas Angles Kings,F
16,35.0,8,9,20,3,0,1,1,8.7,115,24.13,0,0,0.0,45,26,13,1,1.5333333333333334,0.5666666666666667,0.23333333333333334,1.6,0,11.0,8.304514072677947,Very Good,2.6954859273220535,Drew Doughty,Loas Angles Kings,D
17,27.0,5,0,89,7,0,0,1,12.5,129,11.02,8,10,44.4,37,211,13,2,0.835820895522388,0.19402985074626866,0.04477611940298507,0.5373134328358209,0,3.4,3.074969892802167,Depth Role,0.32503010719783276,Tanner Jeannot,Loas Angles Kings,F
18,38.0,1,-4,20,6,0,0,1,11.3,114,10.22,92,106,46.5,35,100,13,0,0.8833333333333333,0.2,0.06666666666666667,0.36666666666666664,1,0.8,0.27834279484114655,Depth Role,0.5216572051588535,Trevor Lewis,Loas Angles Kings,C
19,26.0,2,2,10,1,0,0,0,3.3,76,11.87,0,0,0.0,60,31,13,1,0.6122448979591837,0.16326530612244897,0.14285714285714285,0.4897959183673469,1,0.775,0.1930183905107148,Depth Role,0.5819816094892852,Jacob Moverare,Loas Angles Kings,D
20,22.0,3,1,25,4,0,0,1,13.8,64,8.65,130,148,46.8,16,150,13,0,0.58,0.14,0.08,0.44,1,0.805833,0.36257209597101303,Depth Role,0.443260904028987,Samuel Helenius,Loas Angles Kings,C
21,25.0,2,-4,7,1,0,0,0,5.0,36,9.92,18,23,43.9,12,42,13,0,0.8,0.12,0.04,0.2,1,0.775,-0.08132827774712048,Depth Role,0.8563282777471205,Akil Thomas,Loas Angles Kings,C
22,29.0,3,3,39,0,0,0,0,0.0,28,7.82,0,0,0.0,14,42,13,1,0.18181818181818182,0.09090909090909091,0.09090909090909091,0.5757575757575758,0,1.1,1.4773843689462218,Depth Role,-0.37738436894622174,Kyle Burroughs,Loas Angles Kings,D
1,29.0,8,32,34,36,16,0,11,21.7,416,21.52,650,546,54.3,27,23,10,0,3.380281690140845,1.4929577464788732,0.49295774647887325,1.2394366197183098,0,14.0,10.654074513469553,Elite,3.3459254865304473,Leon Draisaitl,Edmonton Oilers,C
2,28.0,8,20,37,17,9,0,3,13.3,370,22.03,370,406,47.7,18,40,10,0,2.925373134328358,1.492537313432836,0.47761194029850745,1.1044776119402986,0,12.5,10.46467432580664,Elite,2.035325674193359,Connor McDavid,Edmonton Oilers,C
3,25.0,4,14,32,11,3,0,2,6.0,544,23.47,0,0,0.0,108,31,10,1,2.8658536585365852,0.8170731707317073,0.6707317073170732,1.5609756097560976,0,10.5,6.238782726217432,Elite,4.261217273782568,Evan Bouchard,Edmonton Oilers,D
4,31.0,8,4,24,11,7,2,5,12.2,293,18.97,270,287,48.5,48,26,10,0,2.1025641025641026,0.6282051282051282,0.3717948717948718,0.6282051282051282,0,5.125,7.48586026076168,Solid Role,-2.3608602607616804,Ryan Nugent-Hopkins,Edmonton Oilers,C
5,32.0,7,9,32,21,6,0,7,12.9,373,18.88,2,3,40.0,24,59,10,3,2.8767123287671232,0.6027397260273972,0.1917808219178082,0.589041095890411,0,5.5,6.7966670364333295,Solid Role,-1.2966670364333295,Zach Hyman,Edmonton Oilers,LW
6,29.0,8,11,72,4,0,1,1,2.7,393,22.37,0,0,0.0,136,161,10,1,2.473684210526316,0.4342105263157895,0.21052631578947367,0.9078947368421053,0,9.25,6.807102950967206,Solid Role,2.442897049032794,Darnell Nurse,Edmonton Oilers,D
7,34.0,4,11,30,6,3,0,1,6.3,328,22.2,0,0,0.0,95,42,10,1,2.2,0.5076923076923077,0.5384615384615384,1.2769230769230768,0,6.25,5.37619904795661,Very Good,0.87380095204339,Mattias Ekholm,Edmonton Oilers,D
8,31.0,4,9,10,12,0,1,4,10.6,212,14.02,16,28,36.4,37,19,10,4,1.5,0.36585365853658536,0.3170731707317073,0.6707317073170732,0,3.0,3.44437409065912,Depth Role,-0.44437409065912004,Connor Brown,Edmonton Oilers,RW
9,39.0,1,12,61,15,4,0,4,19.0,200,11.93,17,16,51.5,26,36,10,4,1.2345679012345678,0.37037037037037035,0.16049382716049382,0.5432098765432098,0,2.0,2.1366848787460757,Depth Role,-0.1366848787460757,Corey Perry,Edmonton Oilers,RW
10,32.0,1,1,26,16,0,0,1,11.1,265,13.0,22,21,51.2,23,45,10,3,2.0,0.4027777777777778,0.2638888888888889,0.5694444444444444,0,3.0,1.887200919525137,Depth Role,1.112799080474863,Jeff Skinner,Edmonton Oilers,LW
11,34.0,2,2,16,9,2,1,3,11.5,181,14.65,562,448,55.6,85,58,10,0,1.2839506172839505,0.3333333333333333,0.2345679012345679,0.7037037037037037,0,3.0,2.7978778192892078,Depth Role,0.20212218071079224,Adam Henrique,Edmonton Oilers,C
12,31.0,2,-3,24,14,1,0,2,9.5,301,15.0,17,35,32.7,23,32,10,3,2.3582089552238807,0.40298507462686567,0.22388059701492538,1.0,0,4.0,3.063432430248806,Depth Role,0.9365675697511939,Viktor Arvidsson,Edmonton Oilers,LW
13,31.0,4,-7,18,7,0,0,0,5.2,293,20.53,0,0,0.0,118,28,10,1,1.646341463414634,0.3048780487804878,0.2804878048780488,0.9878048780487805,0,2.75,4.399821735710532,Solid Role,-1.6498217357105318,Brett Kulak,Edmonton Oilers,D
14,23.0,2,1,48,8,0,0,2,7.0,206,13.22,14,43,24.6,53,211,10,4,1.3902439024390243,0.2926829268292683,0.24390243902439024,0.6707317073170732,0,1.0,1.7379062181548477,Depth Role,-0.7379062181548477,Vasily Podkolzin,Edmonton Oilers,RW
15,32.0,3,-6,22,2,0,0,0,3.9,109,13.3,97,142,40.6,35,45,10,0,0.6375,0.225,0.25,0.5875,0,1.45,2.591498270922277,Depth Role,-1.1414982709222772,Mattias Janmark,Edmonton Oilers,C
16,28.0,1,-16,14,5,0,0,1,9.1,101,12.02,39,52,42.9,13,73,10,4,0.9649122807017544,0.22807017543859648,0.15789473684210525,0.5964912280701754,0,1.3,1.3217492503190251,Depth Role,-0.021749250319025082,Kasperi Kapanen,Edmonton Oilers,RW
17,24.0,2,-5,18,2,0,0,1,3.2,154,15.12,0,0,0.0,97,125,10,1,0.8157894736842105,0.17105263157894737,0.42105263157894735,0.618421052631579,0,1.3,1.7002747521695136,Depth Role,-0.4002747521695136,Ty Emberson,Edmonton Oilers,D
19,30.0,2,-2,27,3,0,0,0,5.5,133,13.87,0,0,0.0,66,35,10,1,0.8333333333333334,0.10606060606060606,0.16666666666666666,0.7575757575757576,1,0.7875,0.613822421039143,Depth Role,0.173677578960857,Troy Stecher,Edmonton Oilers,D
20,38.0,2,-4,12,1,0,0,0,5.0,42,9.35,151,99,60.4,21,25,10,0,0.5555555555555556,0.16666666666666666,0.25,0.3055555555555556,1,0.9,0.608747874864366,Depth Role,0.29125212513563403,Derek Ryan,Edmonton Oilers,C
1,34.0,7,-17,72,26,9,0,5,12.5,547,19.35,677,787,46.2,30,55,3,0,3.402439024390244,0.8170731707317073,0.36585365853658536,0.7317073170731707,0,7.0,7.828300925998205,Very Good,-0.8283009259982048,Nazem Kadri,Calgary Flames,C
2,31.0,8,-13,34,15,10,3,6,18.3,267,19.55,13,26,33.3,64,50,3,3,1.8888888888888888,0.7654320987654321,0.2839506172839506,1.0864197530864197,0,10.5,7.941853776134454,Very Good,2.5581462238655464,Jonathan Huberdeau,Calgary Flames,LW
3,31.0,8,18,33,4,4,0,0,4.3,474,24.17,0,1,0.0,192,223,3,1,2.271604938271605,0.5802469135802469,0.6419753086419753,1.962962962962963,0,6.25,8.030805128158605,Very Good,-1.7808051281586046,Mackenzie Weegar,Calgary Flames,D
4,22.0,7,6,25,19,5,0,4,13.3,375,17.58,68,91,42.8,37,36,3,4,2.3376623376623376,0.6103896103896104,0.2987012987012987,0.6233766233766234,0,6.5,6.120011373919648,Solid Role,0.379988626080352,Matthew Coronato,Calgary Flames,RW
5,33.0,6,-2,36,10,4,1,4,7.7,382,17.68,38,41,48.1,66,176,3,0,2.3658536585365852,0.47560975609756095,0.3780487804878049,0.9512195121951219,0,4.9,5.7697804379526945,Depth Role,-0.8697804379526941,Blake Coleman,Calgary Flames,C
6,35.0,2,4,32,13,1,1,3,8.6,348,18.73,703,749,48.4,51,41,3,0,2.3026315789473686,0.42105263157894735,0.4605263157894737,0.8947368421052632,0,4.5,3.5908891917148957,Depth Role,0.9091108082851043,Mikael Backlund,Calgary Flames,C
7,26.0,5,-9,8,11,5,1,2,13.3,289,16.65,146,171,46.1,31,14,3,0,1.7534246575342465,0.4383561643835616,0.2328767123287671,0.6986301369863014,0,5.75,4.842359974981994,Depth Role,0.9076400250180061,Yegor Sharangovich,Calgary Flames,C
8,28.0,6,-38,60,8,3,0,1,6.7,378,23.98,0,0,0.0,196,36,3,1,2.0123456790123457,0.38271604938271603,0.37037037037037035,1.3209876543209877,0,4.55,5.866019886118618,Solid Role,-1.3160198861186183,Rasmus Andersson,Calgary Flames,D
9,23.0,3,-7,14,12,1,0,2,11.7,211,16.07,90,151,37.3,26,26,3,0,2.0555555555555554,0.5,0.18518518518518517,0.7407407407407407,0,3.775,3.254627806060999,Solid Role,0.5203721939390009,Connor Zary,Calgary Flames,C
10,25.0,2,3,84,3,1,0,0,3.5,234,13.8,71,103,40.8,26,301,3,0,1.4074074074074074,0.30864197530864196,0.20987654320987653,0.654320987654321,0,1.0,1.7913733077114458,Depth Role,-0.7913733077114458,Martin Pospisil,Calgary Flames,C
11,24.0,6,-6,35,2,1,0,0,3.7,219,21.38,0,0,0.0,116,109,3,1,1.1232876712328768,0.273972602739726,0.3287671232876712,1.1643835616438356,0,5.35,4.962424791522903,Depth Role,0.3875752084770969,Kevin Bahl,Calgary Flames,D
12,28.0,1,-7,12,1,3,0,3,10.3,87,14.82,1,0,100.0,9,8,3,2,1.054054054054054,0.40540540540540543,0.3783783783783784,0.7297297297297297,0,4.3,2.3090192034794663,Depth Role,1.9909807965205335,Andrei Kuzmenko,Calgary Flames,F
13,30.0,2,-5,57,3,0,0,0,4.5,127,8.65,5,11,31.3,19,120,3,3,0.825,0.1625,0.1375,0.225,0,2.0,0.8890657107710873,Depth Role,1.1109342892289127,Ryan Lomberg,Calgary Flames,LW
14,25.0,2,-6,6,2,1,0,0,5.2,124,16.62,223,219,50.5,21,34,3,0,1.8125,0.375,0.5,0.90625,0,4.375,2.78468542453758,Depth Role,1.5903145754624202,Morgan Frost,Calgary Flames,C
15,25.0,2,5,88,3,0,0,0,4.9,196,14.23,0,0,0.0,83,159,3,1,0.8026315789473685,0.15789473684210525,0.21052631578947367,0.8421052631578947,0,1.1875,1.4770509364423456,Depth Role,-0.28955093644234564,Brayden Pachal,Calgary Flames,D
16,23.0,3,10,6,4,0,0,1,13.3,52,12.63,5,9,35.7,14,23,3,3,1.25,0.4583333333333333,0.25,0.625,1,0.775,1.681006831516497,Depth Role,-0.906006831516497,Jakob Pelletier,Calgary Flames,LW
17,31.0,1,-6,14,5,0,0,0,9.3,104,9.42,195,218,47.2,39,109,3,0,0.7714285714285715,0.14285714285714285,0.12857142857142856,0.42857142857142855,0,1.3,0.8434808063773813,Depth Role,0.4565191936226187,Kevin Rooney,Calgary Flames,C
18,24.0,2,-3,29,6,0,0,0,13.6,75,9.65,6,11,35.3,25,108,3,2,1.4193548387096775,0.3225806451612903,0.1935483870967742,0.3548387096774194,0,1.25,1.5843627002139273,Depth Role,-0.33436270021392733,Adam Klapka,Calgary Flames,F
19,27.0,2,2,12,2,0,0,1,3.8,143,17.68,0,0,0.0,55,19,3,1,1.1818181818181819,0.20454545454545456,0.25,0.9545454545454546,0,1.25,2.6393545589811334,Depth Role,-1.3893545589811334,Daniil Miromanov,Calgary Flames,D
20,33.0,2,12,21,2,0,0,1,4.8,129,18.58,0,0,0.0,90,55,3,1,0.7924528301886793,0.16981132075471697,0.1320754716981132,1.2641509433962264,0,1.75,2.981145063063584,Depth Role,-1.2311450630635838,Joel Hanley,Calgary Flames,D
21,28.0,1,6,11,2,0,0,0,22.2,23,9.7,54,72,42.9,16,45,3,3,0.42857142857142855,0.38095238095238093,0.14285714285714285,0.38095238095238093,1,0.9,0.6778776399903963,Depth Role,0.22212236000960373,Justin Kirkland,Calgary Flames,LW
23,26.0,2,0,8,2,0,0,0,2.8,170,15.08,0,0,0.0,43,22,3,1,1.109375,0.109375,0.421875,0.71875,0,1.75,2.2196817155386883,Depth Role,-0.4696817155386883,Jake Bean,Calgary Flames,D
24,24.0,6,-5,8,3,0,0,1,5.8,92,14.43,7,6,53.8,16,39,3,3,1.6774193548387097,0.1935483870967742,0.12903225806451613,0.6129032258064516,0,5.0,4.588464770479682,Depth Role,0.41153522952031807,Joel Farabee,Calgary Flames,LW
1,25.0,6,2,29,12,4,0,3,8.3,492,25.73,0,0,0.0,67,13,29,1,2.823529411764706,1.1176470588235294,0.36764705882352944,1.4264705882352942,0,7.85,8.501392793355109,Elite,-0.6513927933551091,Quinn Hughes,Vancouver Canucks,D
2,27.0,7,-25,16,16,9,0,3,17.2,321,18.17,15,40,27.3,34,76,29,4,1.9333333333333333,0.6666666666666666,0.24,0.49333333333333335,0,7.25,6.741497780913468,Solid Role,0.508502219086532,Brock Boeser,Vancouver Canucks,RW
3,28.0,5,-13,52,12,7,0,4,11.1,355,18.65,5,13,27.8,58,49,29,4,2.111111111111111,0.6172839506172839,0.24691358024691357,0.7777777777777778,0,4.95,5.534335956467855,Solid Role,-0.5843359564678545,Conor Garland,Vancouver Canucks,RW
4,28.0,7,-15,18,14,14,0,4,16.4,304,16.65,11,18,37.9,48,96,29,3,2.0853658536585367,0.5853658536585366,0.15853658536585366,0.573170731707317,0,5.5,6.756706159207677,Solid Role,-1.2567061592076767,Jake DeBrusk,Vancouver Canucks,LW
5,28.0,2,2,18,22,2,1,3,18.1,263,17.35,373,501,42.7,43,59,29,2,1.7037037037037037,0.5679012345679012,0.2345679012345679,0.6419753086419753,0,4.125,3.1888885827824835,Solid Role,0.9361114172175165,Pius Suter,Vancouver Canucks,F
6,26.0,8,-10,14,8,7,0,1,13.8,251,18.67,458,506,47.5,77,74,29,0,1.703125,0.703125,0.34375,0.703125,0,11.6,7.5869111794138195,Very Good,4.01308882058618,Elias Pettersson,Vancouver Canucks,C
7,29.0,2,-1,35,18,0,1,6,13.5,280,14.88,24,32,42.9,30,462,29,4,1.8076923076923077,0.5128205128205128,0.3333333333333333,0.6282051282051282,0,1.5,2.580651374148882,Solid Role,-1.0806513741488821,Kiefer Sherwood,Vancouver Canucks,RW
8,31.0,7,-4,37,7,2,0,2,11.0,151,17.95,409,289,58.6,28,92,29,0,2.05,0.875,0.275,0.9,0,8.0,7.31766208431392,Very Good,0.6823379156860803,J.T. Miller,Vancouver Canucks,C
9,27.0,8,0,40,5,0,0,0,6.0,240,23.9,1,0,100.0,75,89,29,1,1.360655737704918,0.5409836065573771,0.22950819672131148,1.2131147540983607,0,7.25,7.475805008986781,Very Good,-0.22580500898678135,Filip Hronek,Vancouver Canucks,D
10,30.0,2,-7,39,8,0,0,0,8.5,186,14.32,510,505,50.2,43,104,29,0,1.146341463414634,0.3170731707317073,0.2682926829268293,0.6097560975609756,0,1.8,2.2547614728078433,Depth Role,-0.4547614728078433,Teddy Blueger,Vancouver Canucks,C
11,24.0,3,5,30,8,0,0,2,9.6,152,12.13,0,1,0.0,23,76,29,3,1.1527777777777777,0.3472222222222222,0.18055555555555555,0.5,0,3.0,2.234573522424305,Depth Role,0.7654264775756952,Nils Hoglander,Vancouver Canucks,LW
12,34.0,3,2,74,5,0,1,0,6.9,233,20.8,0,0,0.0,125,87,29,1,1.2253521126760563,0.3380281690140845,0.43661971830985913,0.8591549295774648,0,3.0,3.761268698700967,Solid Role,-0.7612686987009671,Tyler Myers,Vancouver Canucks,D
13,29.0,2,-1,31,5,1,0,0,13.6,102,13.95,14,19,42.4,25,50,29,0,0.8627450980392157,0.35294117647058826,0.21568627450980393,0.5098039215686274,0,2.25,2.403643875631899,Depth Role,-0.15364387563189918,Danton Heinen,Vancouver Canucks,C
14,28.0,4,-13,38,5,1,1,0,13.5,109,12.97,23,19,54.8,29,193,29,0,0.9122807017543859,0.24561403508771928,0.21052631578947367,0.631578947368421,0,3.25,3.074213526696428,Depth Role,0.1757864733035719,Dakota Joshua,Vancouver Canucks,C
15,22.0,2,-1,14,7,0,0,0,20.6,60,10.65,192,141,57.7,7,80,29,0,1.0303030303030303,0.3333333333333333,0.06060606060606061,0.24242424242424243,1,0.775,0.48699254553520177,Depth Role,0.28800745446479825,Aatu Raty,Vancouver Canucks,C
16,32.0,1,-7,45,2,0,0,1,5.1,115,17.1,0,0,0.0,77,65,29,1,0.7222222222222222,0.2037037037037037,0.14814814814814814,1.0185185185185186,0,2.0,1.9244892519347407,Depth Role,0.07551074806525926,Derek Forbort,Vancouver Canucks,D
17,28.0,6,8,20,1,0,0,0,3.7,73,21.15,0,0,0.0,61,23,29,1,0.8709677419354839,0.3548387096774194,0.2903225806451613,0.9032258064516129,0,5.5,5.49937400041782,Solid Role,0.0006259995821800146,Marcus Pettersson,Vancouver Canucks,D
18,30.0,3,-13,42,3,0,0,2,4.8,149,18.37,0,0,0.0,92,86,29,1,1.0508474576271187,0.1694915254237288,0.2542372881355932,1.1016949152542372,0,3.25,3.1531625197871564,Depth Role,0.09683748021284355,Carson Soucy,Vancouver Canucks,D
19,26.0,2,-2,18,4,0,0,1,11.4,76,14.2,10,13,43.5,17,32,29,2,1.1290322580645162,0.2903225806451613,0.3870967741935484,0.7096774193548387,0,2.5,2.434210650679991,Depth Role,0.06578934932000902,Drew O'Connor,Vancouver Canucks,F
20,25.0,1,-4,17,3,0,0,1,9.1,81,14.93,0,0,0.0,39,14,29,1,1.1785714285714286,0.2857142857142857,0.21428571428571427,0.9285714285714286,1,0.9,0.651711649915149,Depth Role,0.24828835008485106,Erik Brannstrom,Vancouver Canucks,D
21,24.0,1,1,0,3,0,0,0,9.7,46,10.33,47,63,42.7,13,18,29,2,1.0689655172413792,0.2413793103448276,0.20689655172413793,0.41379310344827586,1,0.775,-0.06618018944568593,Depth Role,0.841180189445686,Max Sasson,Vancouver Canucks,F
22,20.0,3,-6,2,3,0,0,0,10.0,57,12.5,0,1,0.0,6,16,29,4,1.25,0.25,0.16666666666666666,0.3333333333333333,1,0.918333,1.205265707679279,Depth Role,-0.28693270767927903,Jonathan Lekkerimaki,Vancouver Canucks,RW
24,25.0,1,5,6,2,1,0,1,10.7,57,10.93,1,4,20.0,8,27,29,0,1.2173913043478262,0.2608695652173913,0.13043478260869565,0.2608695652173913,1,0.775,0.34765607080264704,Depth Role,0.427343929197353,Linus Karlsson,Vancouver Canucks,C
28,28.0,2,-5,34,0,0,0,0,0.0,63,15.97,0,0,0.0,48,54,29,1,0.5882352941176471,0.08823529411764706,0.08823529411764706,0.8823529411764706,0,2.0,2.394491350980966,Depth Role,-0.394491350980966,Vincent Desharnais,Vancouver Canucks,D
30,20.0,8,-4,17,1,0,0,0,5.3,68,12.82,0,0,0.0,16,39,29,1,0.6785714285714286,0.10714285714285714,0.03571428571428571,0.8571428571428571,0,11.6,5.39022114051989,Depth Role,6.209778859480109,Elias Pettersson,Vancouver Canucks,D
35,27.0,1,-12,21,0,0,0,0,0.0,70,16.28,0,0,0.0,60,101,29,1,0.7428571428571429,0.0,0.34285714285714286,1.1428571428571428,1,0.9,0.7480947542120511,Depth Role,0.15190524578794895,Noah Juulsen,Vancouver Canucks,D
1,27.0,7,0,20,17,4,0,4,11.2,368,18.85,12,20,37.5,29,7,0,0,2.4415584415584415,0.7142857142857143,0.2857142857142857,0.8831168831168831,0,7.0,6.613329199116722,Very Good,0.38667080088327843,Troy Terry,Anaheim Ducks,C
2,22.0,3,0,38,16,6,0,2,12.2,352,16.88,487,474,50.7,31,70,0,0,2.3684210526315788,0.6842105263157895,0.23684210526315788,0.6710526315789473,0,3.425,3.995513502933041,Solid Role,-0.570513502933041,Mason McTavish,Anaheim Ducks,C
3,30.0,3,-9,80,17,3,1,1,9.0,415,17.55,16,18,47.1,69,169,0,3,2.888888888888889,0.5555555555555556,0.16049382716049382,0.6419753086419753,0,4.571189,3.7049406489355863,Solid Role,0.8662483510644141,Frank Vatrano,Anaheim Ducks,LW
4,20.0,3,6,14,15,4,1,5,17.5,227,16.23,302,428,41.4,36,24,0,0,1.5,0.5921052631578947,0.23684210526315788,0.6710526315789473,1,0.95,2.113794728430717,Solid Role,-1.163794728430717,Leo Carlsson,Anaheim Ducks,C
5,21.0,3,8,20,18,2,0,3,10.5,410,14.15,21,35,37.5,51,68,0,3,2.317073170731707,0.5365853658536586,0.2682926829268293,0.9878048780487805,1,0.95,1.8943585783351136,Solid Role,-0.9443585783351136,Cutter Gauthier,Anaheim Ducks,LW
6,24.0,2,0,28,12,2,0,2,10.4,268,22.3,0,1,0.0,129,69,0,1,1.7866666666666666,0.5733333333333334,0.4666666666666667,1.04,1,0.925,2.143873685723242,Very Good,-1.2188736857232418,Jackson LaCombe,Anaheim Ducks,D
7,31.0,5,-3,70,10,0,0,3,7.3,263,16.68,511,715,41.7,36,52,0,0,1.670731707317073,0.5,0.23170731707317074,0.8048780487804879,0,5.0,4.694791129429761,Solid Role,0.3052088705702394,Ryan Strome,Anaheim Ducks,C
8,35.0,4,12,30,18,0,1,5,14.2,288,17.28,8,13,38.1,23,77,0,0,1.6341463414634145,0.45121951219512196,0.13414634146341464,0.7560975609756098,0,6.25,4.341692340534759,Depth Role,1.9083076594652413,Alex Killorn,Anaheim Ducks,C
9,23.0,3,-8,23,11,1,0,1,12.2,197,17.03,68,118,36.6,27,50,0,0,1.719298245614035,0.5614035087719298,0.22807017543859648,0.8947368421052632,0,5.75,3.5316047851826364,Solid Role,2.2183952148173636,Trevor Zegras,Anaheim Ducks,C
10,21.0,3,1,20,6,1,0,0,5.4,302,18.97,0,0,0.0,72,37,0,1,2.096774193548387,0.3225806451612903,0.3387096774193548,0.9838709677419355,1,0.844167,1.9222651781312652,Solid Role,-1.078098178131265,Olen Zellweger,Anaheim Ducks,D
11,21.0,3,-4,20,5,0,0,0,7.2,180,17.6,0,0,0.0,92,81,0,1,1.0147058823529411,0.27941176470588236,0.19117647058823528,0.9117647058823529,1,0.918333,1.2894827601225254,Depth Role,-0.37114976012252543,Pavel Mintyukov,Anaheim Ducks,D
12,25.0,1,-2,22,4,1,0,0,6.3,156,12.98,23,58,28.4,44,64,0,4,1.2741935483870968,0.27419354838709675,0.11290322580645161,0.4838709677419355,0,1.05,1.2141638694182264,Depth Role,-0.16416386941822636,Brett Leason,Anaheim Ducks,RW
13,33.0,3,2,10,2,0,0,0,3.5,135,19.8,0,0,0.0,91,60,0,1,0.9344262295081968,0.26229508196721313,0.3114754098360656,0.6557377049180327,0,4.0,3.3515393620649117,Depth Role,0.6484606379350883,Brian Dumoulin,Anaheim Ducks,D
14,34.0,3,4,86,1,0,0,0,1.1,252,19.87,0,0,0.0,178,261,0,1,1.0987654320987654,0.19753086419753085,0.18518518518518517,1.2839506172839505,0,4.0,3.257910323852652,Depth Role,0.7420896761473479,Radko Gudas,Anaheim Ducks,D
15,29.0,3,-6,20,8,0,0,0,12.3,111,16.2,71,85,45.5,29,58,0,0,1.4772727272727273,0.36363636363636365,0.3181818181818182,0.6818181818181818,0,4.0,3.2485087271799946,Depth Role,0.7514912728200054,Robby Fabbri,Anaheim Ducks,C
16,25.0,2,-12,10,4,0,0,1,6.7,105,13.55,442,494,47.2,68,48,0,0,0.759493670886076,0.189873417721519,0.189873417721519,0.3291139240506329,0,1.3,1.6704409829388802,Depth Role,-0.37044098293888017,Isac Lundestrom,Anaheim Ducks,C
17,23.0,2,6,47,4,0,0,1,6.3,152,16.35,0,0,0.0,73,99,0,1,1.125,0.23214285714285715,0.30357142857142855,0.8392857142857143,0,1.1,2.024988816806346,Depth Role,-0.924988816806346,Drew Helleson,Anaheim Ducks,D
18,23.0,2,-4,2,8,2,0,1,24.4,88,12.48,4,11,26.7,17,67,0,4,1.28125,0.375,0.03125,0.53125,1,0.85,1.340926219357291,Depth Role,-0.4909262193572911,Sam Colangelo,Anaheim Ducks,RW
19,30.0,4,1,0,4,0,0,0,13.3,48,11.72,1,7,12.5,28,61,0,3,1.1538461538461537,0.3076923076923077,0.2692307692307692,0.3076923076923077,0,2.75,3.3244543915359497,Depth Role,-0.5744543915359497,Brock McGinn,Anaheim Ducks,LW
20,30.0,7,-5,44,1,0,0,0,1.5,180,20.75,0,0,0.0,140,125,0,1,1.2264150943396226,0.1509433962264151,0.4339622641509434,1.2641509433962264,0,8.0,5.651749818738717,Depth Role,2.3482501812612826,Jacob Trouba,Anaheim Ducks,D
21,27.0,2,-13,21,2,0,0,1,4.1,93,10.93,117,102,53.4,41,136,0,0,0.7903225806451613,0.0967741935483871,0.24193548387096775,0.6129032258064516,1,0.7875,0.12076536321647202,Depth Role,0.666734636783528,Jansen Harkins,Anaheim Ducks,C
23,30.0,4,-2,72,1,0,0,1,11.1,31,8.68,0,2,0.0,20,134,0,3,0.20930232558139536,0.09302325581395349,0.06976744186046512,0.4186046511627907,0,1.1,2.336388732888583,Depth Role,-1.236388732888583,Ross Johnston,Anaheim Ducks,LW
1,28.0,5,8,18,18,4,0,3,10.9,418,17.22,109,135,44.7,50,47,24,0,2.4634146341463414,0.7439024390243902,0.35365853658536583,0.8048780487804879,0,5.0,5.535697953767842,Very Good,-0.5356979537678423,Jared McCann,Seattle Kracken,C
2,30.0,7,-9,24,10,1,2,1,18.1,129,19.52,760,714,51.6,50,33,24,0,0.9230769230769231,0.6538461538461539,0.38461538461538464,0.7435897435897436,0,6.25,6.445710956469723,Solid Role,-0.19571095646972303,Chandler Stephenson,Seattle Kracken,C
3,32.0,5,-6,24,20,6,0,6,13.4,356,17.88,34,34,50.0,42,43,24,0,2.3950617283950617,0.6049382716049383,0.5308641975308642,0.7407407407407407,0,5.5,5.388795300079696,Solid Role,0.1112046999203038,Jaden Schwartz,Seattle Kracken,C
4,21.0,3,4,18,12,7,0,2,20.9,204,14.07,369,462,44.4,62,54,24,0,1.1518987341772151,0.5569620253164557,0.17721518987341772,0.9240506329113924,1,0.886667,2.1204976127650266,Solid Role,-1.2338306127650265,Shane Wright,Seattle Kracken,C
5,22.0,7,0,14,15,5,0,2,13.6,322,18.68,569,624,47.7,77,42,24,0,1.7926829268292683,0.524390243902439,0.34146341463414637,0.8780487804878049,0,7.142857,6.180954121968938,Solid Role,0.9619028780310623,Matty Beniers,Seattle Kracken,C
6,30.0,7,-22,70,13,5,0,4,7.8,531,22.98,0,0,0.0,100,84,24,1,2.8518518518518516,0.5061728395061729,0.30864197530864196,1.1975308641975309,0,7.142857,7.2708474225603865,Very Good,-0.12799042256038629,Brandon Montour,Seattle Kracken,D
7,28.0,4,-3,33,9,2,0,3,8.0,321,22.08,0,0,0.0,79,29,24,1,2.2096774193548385,0.6290322580645161,0.4032258064516129,1.2741935483870968,0,7.35,5.366913905153066,Very Good,1.983086094846934,Vince Dunn,Seattle Kracken,D
8,29.0,5,-1,14,12,4,0,1,12.9,244,15.47,2,5,28.6,15,61,24,4,2.0327868852459017,0.6065573770491803,0.3442622950819672,0.9180327868852459,0,5.4,5.240520759055188,Solid Role,0.1594792409448127,Oliver Bjorkstrand,Seattle Kracken,RW
9,29.0,5,-3,12,10,0,0,1,8.7,219,14.42,3,3,50.0,27,33,24,3,1.4556962025316456,0.46835443037974683,0.22784810126582278,0.4810126582278481,0,5.5,4.332717440673896,Depth Role,1.1672825593261038,Andre Burakovsky,Seattle Kracken,LW
10,25.0,2,3,23,21,2,0,3,16.8,283,14.32,5,6,45.5,65,237,24,4,1.691358024691358,0.43209876543209874,0.16049382716049382,0.5555555555555556,0,3.475,2.3874932675665783,Depth Role,1.0875067324334218,Eeli Tolvanen,Seattle Kracken,RW
11,23.0,3,-11,24,7,3,0,1,13.9,152,17.05,18,18,50.0,20,45,24,4,1.469387755102041,0.6122448979591837,0.2653061224489796,0.8775510204081632,0,4.525,4.076323812591892,Solid Role,0.44867618740810844,Kaapo Kakko,Seattle Kracken,RW
12,32.0,4,22,31,7,0,0,1,6.3,263,21.18,0,0,0.0,148,104,24,1,1.3658536585365855,0.34146341463414637,0.4024390243902439,0.6707317073170732,0,5.25,4.330452437309856,Solid Role,0.9195475626901439,Adam Larsson,Seattle Kracken,D
13,34.0,2,0,14,8,1,0,1,13.6,130,16.27,7,11,38.9,25,13,24,4,1.5714285714285714,0.6190476190476191,0.5,0.6666666666666666,0,4.75,3.8289570655458913,Solid Role,0.9210429344541087,Jordan Eberle,Seattle Kracken,RW
14,23.0,2,-12,30,4,1,0,0,8.5,174,19.48,0,0,0.0,106,123,24,1,0.8082191780821918,0.3424657534246575,0.1643835616438356,1.0,0,2.05,2.807829146343149,Solid Role,-0.7578291463431492,Ryker Evans,Seattle Kracken,D
15,32.0,5,-2,34,4,0,0,1,6.1,174,18.78,0,0,0.0,159,74,24,1,0.8048780487804879,0.2073170731707317,0.2804878048780488,1.0853658536585367,0,4.6,4.294229587677403,Depth Role,0.3057704123225964,Jamie Oleksiak,Seattle Kracken,D
16,33.0,6,-5,36,6,0,0,1,15.0,87,15.5,191,185,50.8,26,59,24,0,1.1111111111111112,0.4722222222222222,0.3055555555555556,0.6388888888888888,0,2.333333,5.530747850293841,Depth Role,-3.1974148502938413,Yanni Gourde,Seattle Kracken,C
17,33.0,3,-12,10,9,0,0,0,10.6,142,13.93,7,20,25.9,91,122,24,3,1.4166666666666667,0.2833333333333333,0.2833333333333333,0.6666666666666666,0,2.5,2.9842589529944394,Depth Role,-0.48425895299443944,Brandon Tanev,Seattle Kracken,LW
18,23.0,2,-14,43,5,0,1,0,10.7,113,9.68,3,12,20.0,29,175,24,2,0.8888888888888888,0.20634920634920634,0.06349206349206349,0.38095238095238093,0,1.25,1.228856567348756,Depth Role,0.021143432651244076,Tye Kartye,Seattle Kracken,F
19,26.0,2,5,20,0,0,0,0,0.0,135,13.75,0,0,0.0,54,89,24,1,0.90625,0.140625,0.15625,0.640625,1,0.9075,0.5008322264741154,Depth Role,0.40666777352588457,Josh Mahura,Seattle Kracken,D
22,27.0,2,-8,6,1,0,0,0,5.3,37,9.23,104,90,53.6,4,25,24,0,0.6785714285714286,0.10714285714285714,0.03571428571428571,0.2857142857142857,1,0.775,0.07356936780668644,Depth Role,0.7014306321933136,Mitchell Stephens,Seattle Kracken,C
24,28.0,5,-13,9,1,0,0,0,4.2,83,15.2,0,0,0.0,37,48,24,1,0.7272727272727273,0.06060606060606061,0.18181818181818182,0.6060606060606061,0,4.1,3.791068567572042,Depth Role,0.30893143242795773,William Borgen,Seattle Kracken,D
1,18.0,3,-31,28,17,8,0,4,10.6,457,19.78,507,544,48.2,53,37,23,2,3.3714285714285714,0.9,0.4142857142857143,1.6142857142857143,0,0.975,5.354113217048118,Very Good,-4.379113217048118,Macklin Celebrini,San Jose Sharks,F
2,22.0,3,-7,29,10,6,1,2,11.3,324,19.55,11,25,30.6,46,54,23,3,1.9610389610389611,0.7532467532467533,0.19480519480519481,0.974025974025974,1,0.863333,3.3629003715497587,Very Good,-2.499567371549759,William Eklund,San Jose Sharks,LW
3,32.0,4,-21,14,24,6,0,1,12.9,410,16.93,13,11,54.2,32,54,23,0,2.9871794871794872,0.6923076923076923,0.23076923076923078,0.6666666666666666,0,6.0,5.038448581264425,Solid Role,0.9615514187355751,Tyler Toffoli,San Jose Sharks,C
4,19.0,3,-15,18,13,5,0,1,14.2,277,15.85,65,113,36.5,16,13,23,0,1.7162162162162162,0.6081081081081081,0.17567567567567569,0.9864864864864865,1,0.95,2.302553774817074,Solid Role,-1.3525537748170742,Will Smith,San Jose Sharks,C
5,32.0,3,-8,20,9,5,1,1,11.9,237,20.85,326,348,48.4,37,37,23,0,2.423076923076923,0.8653846153846154,0.25,1.0961538461538463,0,7.0,5.714472464103157,Very Good,1.2855275358968434,Mikael Granlund,San Jose Sharks,C
6,25.0,3,8,10,13,4,0,0,12.1,281,16.98,30,20,60.0,63,115,23,5,2.203125,0.5625,0.3125,0.6875,0,4.275,3.8107071874385925,Very Good,0.46429281256140786,Fabian Zetterlund,San Jose Sharks,W
7,30.0,2,-21,14,7,3,0,2,12.2,182,18.85,508,561,47.5,80,30,23,0,1.0649350649350648,0.45454545454545453,0.4935064935064935,0.5324675324675324,0,5.0,3.2788315855562895,Depth Role,1.7211684144437105,Alexander Wennberg,San Jose Sharks,C
8,28.0,3,-1,36,6,0,0,1,4.8,302,23.18,0,0,0.0,111,48,23,1,2.5,0.64,0.46,1.26,0,3.4,4.785778735470606,Very Good,-1.385778735470606,Jake Walman,San Jose Sharks,D
9,27.0,1,-24,46,11,0,0,0,11.6,185,15.25,181,202,47.3,64,163,23,0,1.507936507936508,0.2857142857142857,0.15873015873015872,0.4126984126984127,1,0.775,-0.043901251868486924,Depth Role,0.818901251868487,Luke Kunin,San Jose Sharks,C
10,25.0,2,-25,36,4,2,0,0,5.9,251,19.27,0,0,0.0,109,64,23,1,1.5223880597014925,0.2537313432835821,0.22388059701492538,0.9402985074626866,0,3.0,2.54901456280166,Depth Role,0.45098543719833994,Timothy Liljegren,San Jose Sharks,D
11,26.0,4,-25,53,5,0,0,1,6.3,205,21.4,0,0,0.0,125,150,23,1,1.0128205128205128,0.21794871794871795,0.47435897435897434,0.9871794871794872,0,3.25,3.5107568616391664,Depth Role,-0.26075686163916645,Mario Ferraro,San Jose Sharks,D
12,31.0,4,-9,14,4,0,0,2,6.7,135,21.77,0,0,0.0,100,52,23,1,1.1111111111111112,0.2777777777777778,0.2962962962962963,0.9814814814814815,0,4.5,4.15917361783883,Depth Role,0.3408263821611701,Cody Ceci,San Jose Sharks,D
13,29.0,2,-4,13,6,0,1,1,18.4,75,10.13,175,104,62.7,25,70,23,0,0.8085106382978723,0.2765957446808511,0.06382978723404255,0.3404255319148936,0,2.0,1.7712190134613266,Depth Role,0.2287809865386734,Nico Sturm,San Jose Sharks,C
14,25.0,2,-2,6,2,1,0,0,16.7,39,12.67,2,2,50.0,11,50,23,4,0.6206896551724138,0.41379310344827586,0.27586206896551724,0.7931034482758621,1,0.925,1.23303044266423,Depth Role,-0.30803044266422996,Nikolai Kovalenko,San Jose Sharks,RW
15,23.0,2,-23,30,2,0,0,0,3.8,114,17.52,0,0,0.0,66,43,23,1,0.8666666666666667,0.2,0.2,0.6166666666666667,0,1.0,1.9192284395239194,Depth Role,-0.9192284395239194,Henry Thrun,San Jose Sharks,D
16,22.0,3,-4,8,3,1,1,1,12.5,64,15.87,4,8,33.3,15,20,23,2,1.2121212121212122,0.3333333333333333,0.21212121212121213,0.45454545454545453,1,0.941667,1.7424931683718947,Depth Role,-0.8008261683718947,Collin Graf,San Jose Sharks,F
17,22.0,1,-9,10,4,0,0,0,9.8,98,15.78,0,0,0.0,54,12,23,1,1.3225806451612903,0.3225806451612903,0.22580645161290322,1.1935483870967742,1,0.8,0.604803002459593,Solid Role,0.1951969975404071,Jack Thompson,San Jose Sharks,D
18,34.0,3,-3,28,3,0,0,0,5.5,152,17.25,0,0,0.0,81,40,23,1,1.0185185185185186,0.16666666666666666,0.2037037037037037,1.0185185185185186,0,2.75,3.29680527402369,Depth Role,-0.54680527402369,Jan Rutta,San Jose Sharks,D
19,27.0,2,-21,24,3,0,0,0,3.4,151,9.6,3,4,42.9,18,172,23,4,1.5714285714285714,0.16071428571428573,0.08928571428571429,0.625,0,1.8,1.5294176092162508,Depth Role,0.27058239078374924,Carl Grundstrom,San Jose Sharks,RW
20,23.0,1,-7,8,2,0,0,0,6.7,84,18.07,0,0,0.0,51,25,23,1,1.0,0.3,0.16666666666666666,1.1,0,1.0,2.276123158906649,Solid Role,-1.2761231589066488,Shakir Mukhamadullin,San Jose Sharks,D
21,31.0,6,-37,75,4,0,1,0,6.8,141,13.78,108,144,42.9,60,150,23,4,0.948051948051948,0.1038961038961039,0.33766233766233766,0.7012987012987013,0,3.641667,4.209422074978431,Depth Role,-0.5677550749784306,Barclay Goodrow,San Jose Sharks,RW
22,24.0,2,-31,59,1,0,0,0,2.0,117,11.8,209,210,49.9,47,163,23,0,0.7352941176470589,0.11764705882352941,0.1323529411764706,0.4852941176470588,0,1.3,1.417469489019969,Depth Role,-0.11746948901996901,Ty Dellandrea,San Jose Sharks,C
23,25.0,2,-6,27,1,0,0,0,3.6,52,10.68,4,9,30.8,17,111,23,0,0.8,0.2,0.14285714285714285,0.7714285714285715,0,2.0,1.6811640122131233,Depth Role,0.3188359877868767,Klim Kostin,San Jose Sharks,C
26,37.0,8,-10,2,1,0,0,0,5.0,52,14.63,0,0,0.0,40,4,23,1,0.7407407407407407,0.1111111111111111,0.14814814814814814,0.9629629629629629,0,7.0,6.184511479864202,Depth Role,0.8154885201357978,Marc-Edouard Vlasic,San Jose Sharks,D
1,27.0,5,2,34,20,9,0,3,19.5,270,17.38,691,596,53.7,54,23,30,0,1.8170731707317074,1.0,0.25609756097560976,0.9634146341463414,0,5.0,6.467277831286758,Elite,-1.4672778312867578,Dylan Strome,Washington Capitals,C
2,39.0,5,15,14,30,14,0,7,18.6,508,17.72,0,2,0.0,13,110,30,3,3.646153846153846,1.123076923076923,0.18461538461538463,0.7230769230769231,0,9.5,8.02702442825365,Elite,1.4729755717463497,Alex Ovechkin,Washington Capitals,LW
3,24.0,5,40,18,27,0,3,6,21.1,249,16.45,6,19,24.0,33,20,30,0,1.868421052631579,0.868421052631579,0.25,0.7368421052631579,0,3.375,5.038120965523254,Very Good,-1.6631209655232544,Aliaksei Protas,Washington Capitals,C
4,26.0,8,27,76,16,4,0,4,14.1,288,17.3,577,584,49.7,62,65,30,3,1.7317073170731707,0.8048780487804879,0.18292682926829268,0.7926829268292683,0,8.5,7.281099358487385,Very Good,1.2189006415126151,Pierre-Luc Dubois,Washington Capitals,LW
5,30.0,7,20,100,20,11,2,6,19.5,335,18.73,5,14,26.3,71,233,30,4,2.0864197530864197,0.8024691358024691,0.24691358024691357,1.123456790123457,0,6.5,7.423517858441356,Very Good,-0.9235178584413557,Tom Wilson,Washington Capitals,RW
6,24.0,2,19,49,22,4,0,5,14.7,321,16.82,51,58,46.8,36,39,30,0,2.158536585365854,0.6951219512195121,0.24390243902439024,0.8292682926829268,0,2.1,3.4135567052479923,Solid Role,-1.3135567052479922,Connor McMichael,Washington Capitals,C
7,35.0,8,17,22,4,1,0,0,3.0,393,23.57,0,0,0.0,131,49,30,1,2.1139240506329116,0.6455696202531646,0.45569620253164556,1.4177215189873418,0,8.0,8.344519475673135,Very Good,-0.3445194756731347,John Carlson,Washington Capitals,D
8,26.0,8,17,52,15,5,0,6,11.2,458,21.07,0,0,0.0,87,59,30,1,2.418918918918919,0.6351351351351351,0.47297297297297297,1.0810810810810811,0,9.0,7.787386599311174,Very Good,1.2126134006888263,Jakob Chychrun,Washington Capitals,D
9,24.0,5,13,23,3,1,0,0,5.1,225,19.18,0,0,0.0,122,91,30,1,0.9512195121951219,0.36585365853658536,0.3170731707317073,0.8658536585365854,0,4.6,4.326395744138253,Solid Role,0.27360425586174664,Rasmus Sandin,Washington Capitals,D
10,28.0,2,0,24,13,0,1,3,14.7,183,13.03,5,7,41.7,30,74,30,3,1.1728395061728396,0.345679012345679,0.13580246913580246,0.6049382716049383,0,3.6,2.08111328059674,Depth Role,1.5188867194032603,Andrew Mangiapane,Washington Capitals,LW
11,26.0,2,-7,18,7,0,0,1,7.5,185,12.37,9,20,31.0,28,59,30,4,1.1625,0.3375,0.1375,0.55,0,1.5,1.9543461646527618,Depth Role,-0.4543461646527618,Taylor Raddysh,Washington Capitals,RW
12,34.0,2,7,56,12,0,2,3,16.3,166,15.18,596,599,49.9,82,128,30,0,1.048780487804878,0.32926829268292684,0.3902439024390244,0.6219512195121951,0,3.0,2.6277603960628833,Depth Role,0.37223960393711675,Nic Dowd,Washington Capitals,C
13,25.0,7,18,25,5,0,0,0,6.6,199,19.0,0,0,0.0,150,139,30,1,0.9382716049382716,0.30864197530864196,0.13580246913580246,0.7530864197530864,0,6.0,5.311680158674071,Solid Role,0.6883198413259288,Martin Fehérváry,Washington Capitals,D
14,29.0,6,18,25,3,0,0,0,3.6,247,19.88,0,0,0.0,113,114,30,1,1.2173913043478262,0.34782608695652173,0.21739130434782608,1.318840579710145,0,5.75,5.591442014995138,Solid Role,0.15855798500486173,Matt Roy,Washington Capitals,D
15,27.0,2,3,98,9,0,0,1,10.8,177,13.35,18,25,41.9,65,165,30,4,1.0121951219512195,0.25609756097560976,0.14634146341463414,0.4634146341463415,0,1.85,1.733735706671319,Depth Role,0.11626429332868105,Brandon Duhaime,Washington Capitals,RW
16,33.0,3,20,34,1,0,0,0,1.3,215,17.67,0,0,0.0,151,10,30,1,0.975609756097561,0.25609756097560976,0.3048780487804878,0.6951219512195121,0,3.0,3.354578287084928,Depth Role,-0.3545782870849279,Trevor van Riemsdyk,Washington Capitals,D
17,35.0,1,-1,26,6,0,0,0,7.8,153,12.45,289,278,51.0,26,40,30,0,1.2222222222222223,0.23809523809523808,0.2222222222222222,0.6031746031746031,0,1.25,1.9131988282415566,Depth Role,-0.6631988282415566,Lars Eller,Washington Capitals,C
18,28.0,1,6,6,4,3,0,3,25.0,56,9.83,4,10,28.6,5,13,30,3,1.0769230769230769,0.4230769230769231,0.19230769230769232,0.5769230769230769,1,0.775,1.0340663311409148,Depth Role,-0.2590663311409148,Jakub Vrana,Washington Capitals,LW
19,22.0,1,-3,4,0,0,0,0,0.0,37,9.8,40,61,39.6,14,12,30,0,0.6666666666666666,0.2962962962962963,0.18518518518518517,0.6296296296296297,1,0.85,-0.3650572615491976,Depth Role,1.2150572615491977,Hendrix Lapierre,Washington Capitals,C
20,26.0,2,3,6,4,0,0,1,17.4,42,10.82,0,1,0.0,16,11,30,2,0.9583333333333334,0.2916666666666667,0.20833333333333334,0.4166666666666667,1,0.775,0.8142410071047279,Depth Role,-0.03924100710472789,Ethen Frank,Washington Capitals,F
1,27.0,8,7,46,21,5,3,9,14.0,447,20.1,663,535,55.3,30,59,4,2,2.6202531645569622,0.9367088607594937,0.2911392405063291,1.1772151898734178,0,9.75,8.496440156046589,Very Good,1.2535598439534112,Sebastian Aho,Carolina Hurricanes,F
2,22.0,8,12,16,20,7,5,2,15.7,392,19.35,52,100,34.2,51,93,4,0,2.7945205479452055,0.9178082191780822,0.4383561643835616,0.7945205479452054,0,7.420087,7.846869107766419,Very Good,-0.4267821077664191,Seth Jarvis,Carolina Hurricanes,C
3,26.0,2,4,10,9,7,0,5,14.2,233,18.08,48,78,38.1,16,40,4,0,2.306122448979592,1.1224489795918366,0.30612244897959184,1.0612244897959184,0,6.5,5.245150601434919,Elite,1.2548493985650806,Martin Necas,Carolina Hurricanes,C
4,24.0,8,-8,59,10,10,0,2,11.1,378,17.12,1,3,25.0,22,148,4,4,2.5,0.6666666666666666,0.2361111111111111,1.375,0,7.75,7.443993964141927,Solid Role,0.30600603585807296,Andrei Svechnikov,Carolina Hurricanes,RW
5,31.0,3,1,52,3,4,0,0,5.7,330,18.52,0,0,0.0,66,41,4,1,1.7428571428571429,0.6428571428571429,0.5142857142857142,1.0857142857142856,0,3.2,4.550819850106727,Very Good,-1.3508198501067268,Shayne Gostisbehere,Carolina Hurricanes,D
6,28.0,1,-10,10,21,1,0,2,15.8,288,13.82,192,163,54.1,23,14,4,0,1.7160493827160495,0.48148148148148145,0.2345679012345679,0.7777777777777778,0,2.8,1.968202302096594,Depth Role,0.8317976979034059,Jack Roslovic,Carolina Hurricanes,C
7,36.0,4,15,16,11,0,2,3,12.1,197,15.43,724,605,54.5,43,138,4,0,1.4266666666666667,0.48,0.12,0.5466666666666666,0,2.9,4.2890001978576295,Depth Role,-1.3890001978576296,Jordan Staal,Carolina Hurricanes,C
8,32.0,3,16,18,15,0,0,3,13.4,251,15.3,35,37,48.6,52,84,4,3,1.4177215189873418,0.45569620253164556,0.22784810126582278,0.6708860759493671,0,3.05,3.3656249176947903,Depth Role,-0.3156249176947905,Jordan Martinook,Carolina Hurricanes,LW
9,21.0,3,10,30,12,5,0,6,12.0,247,13.85,15,15,50.0,30,19,4,4,1.775,0.425,0.25,0.675,1,0.905833,1.7032422870882735,Depth Role,-0.7974092870882735,Jackson Blake,Carolina Hurricanes,RW
10,24.0,8,9,50,12,0,0,1,10.4,219,14.07,367,342,51.8,28,66,4,0,1.4743589743589745,0.4230769230769231,0.23076923076923078,0.8205128205128205,0,4.82,5.600446055202382,Depth Role,-0.7804460552023817,Jesperi Kotkaniemi,Carolina Hurricanes,C
11,29.0,4,14,10,14,0,0,1,12.7,214,12.27,7,26,21.2,16,123,4,3,1.3414634146341464,0.3902439024390244,0.10975609756097561,0.5121951219512195,0,1.7,3.3115625732402663,Depth Role,-1.6115625732402663,Eric Robinson,Carolina Hurricanes,LW
12,39.0,1,7,28,6,0,0,0,3.4,461,20.95,0,0,0.0,98,11,4,1,2.1219512195121952,0.35365853658536583,0.43902439024390244,1.2682926829268293,0,1.0,3.798236740852351,Solid Role,-2.798236740852351,Brent Burns,Carolina Hurricanes,D
13,33.0,2,16,24,6,0,0,2,5.1,310,20.0,0,0,0.0,60,101,4,1,1.5394736842105263,0.3684210526315789,0.27631578947368424,1.2894736842105263,0,6.5,3.7529159025886645,Solid Role,2.7470840974113355,Dmitry Orlov,Carolina Hurricanes,D
14,30.0,8,16,8,6,0,0,2,5.5,319,21.57,0,0,0.0,136,21,4,1,1.375,0.3375,0.7625,0.975,0,6.395955,6.907875758141112,Solid Role,-0.5119207581411125,Jaccob Slavin,Carolina Hurricanes,D
15,33.0,3,1,20,5,4,0,2,14.5,138,15.45,11,10,52.4,13,20,4,3,2.0,0.5806451612903226,0.2903225806451613,1.1612903225806452,0,3.166667,4.697821361075636,Solid Role,-1.5311543610756364,Taylor Hall,Carolina Hurricanes,LW
16,28.0,3,22,54,7,0,0,2,6.1,301,18.88,0,0,0.0,64,64,4,1,1.4430379746835442,0.22784810126582278,0.3291139240506329,1.0379746835443038,0,3.0,3.486517489473907,Depth Role,-0.48651748947390683,Jalen Chatfield,Carolina Hurricanes,D
17,30.0,5,-7,46,5,0,0,0,3.4,375,16.83,0,0,0.0,90,91,4,1,1.7682926829268293,0.1951219512195122,0.4878048780487805,0.8170731707317073,0,3.6,4.4761885812124875,Depth Role,-0.8761885812124874,Sean Walker,Carolina Hurricanes,D
18,30.0,6,0,16,4,0,0,1,8.3,114,11.73,6,6,50.0,12,156,4,3,1.1162790697674418,0.2558139534883721,0.2558139534883721,0.4418604651162791,0,2.0,4.33157651887495,Depth Role,-2.33157651887495,William Carrier,Carolina Hurricanes,LW
19,26.0,1,2,33,4,0,0,0,9.1,77,10.37,57,69,45.2,17,46,4,0,1.1282051282051282,0.23076923076923078,0.15384615384615385,0.23076923076923078,1,0.775,-0.31352772297942355,Depth Role,1.0885277229794235,Tyson Jost,Carolina Hurricanes,C
21,24.0,2,1,12,3,0,0,1,5.0,119,12.88,238,167,58.8,24,17,4,0,1.5384615384615385,0.23076923076923078,0.10256410256410256,0.48717948717948717,0,1.725,2.1325746622946493,Depth Role,-0.4075746622946492,Jack Drury,Carolina Hurricanes,C
1,26.0,8,5,18,15,4,2,2,11.7,391,18.95,0,3,0.0,42,96,17,5,2.2222222222222223,1.0864197530864197,0.13580246913580246,0.7654320987654321,0,7.875,8.404726716800788,Elite,-0.5297267168007878,Jesper Bratt,New Jersey Devils,W
2,23.0,8,12,18,20,6,1,7,11.8,465,20.9,251,416,37.6,29,7,17,0,3.693548387096774,1.1290322580645162,0.3548387096774194,1.403225806451613,0,8.0,9.099695058613865,Elite,-1.0996950586138645,Jack Hughes,New Jersey Devils,C
3,26.0,7,9,20,21,14,0,3,18.7,345,20.38,987,790,55.5,60,44,17,0,2.493333333333333,0.92,0.32,0.7066666666666667,0,7.25,8.26591276019575,Very Good,-1.01591276019575,Nico Hischier,New Jersey Devils,C
4,28.0,8,7,58,19,7,0,5,10.9,525,17.87,8,18,30.8,65,141,17,4,2.975,0.6625,0.275,0.9125,0,8.8,7.529851268555239,Solid Role,1.2701487314447615,Timo Meier,New Jersey Devils,RW
5,21.0,3,-9,16,7,0,0,1,5.8,328,21.15,0,1,0.0,60,19,17,1,1.704225352112676,0.6197183098591549,0.4647887323943662,1.2112676056338028,0,1.85,4.153748964690267,Very Good,-2.3037489646902674,Luke Hughes,New Jersey Devils,D
6,31.0,3,-8,54,11,11,0,5,13.3,284,15.93,41,44,48.2,26,152,17,4,2.1153846153846154,0.5256410256410257,0.1794871794871795,0.9358974358974359,0,2.75,4.339127427694484,Solid Role,-1.5891274276944838,Stefan Noesen,New Jersey Devils,RW
7,31.0,7,8,30,4,5,0,3,4.8,424,19.85,0,0,0.0,85,74,17,1,2.90625,0.625,0.3125,1.46875,0,9.0,7.505684237239418,Very Good,1.494315762760582,Dougie Hamilton,New Jersey Devils,D
8,23.0,3,4,16,12,6,1,3,13.5,280,17.88,96,141,40.5,60,41,17,0,1.7195121951219512,0.43902439024390244,0.21951219512195122,0.6829268292682927,0,4.0,3.706457657424844,Depth Role,0.2935423425751562,Dawson Mercer,New Jersey Devils,C
9,33.0,5,-5,12,12,2,1,3,15.6,192,13.75,4,16,20.0,58,124,17,3,1.2467532467532467,0.36363636363636365,0.3116883116883117,0.7272727272727273,0,6.0,4.189075455624221,Depth Role,1.810924544375779,Ondrej Palat,New Jersey Devils,LW
10,25.0,3,-14,62,16,0,0,2,17.8,202,13.08,41,37,52.6,32,245,17,0,1.139240506329114,0.27848101265822783,0.21518987341772153,0.4936708860759494,1,0.775,0.7424899664115454,Depth Role,0.03251003358845461,Paul Cotter,New Jersey Devils,C
11,33.0,3,-6,39,9,2,0,1,10.0,195,14.7,378,341,52.6,35,101,17,3,1.5942028985507246,0.30434782608695654,0.2028985507246377,0.6376811594202898,0,3.15,3.2083703951467775,Depth Role,-0.058370395146777554,Erik Haula,New Jersey Devils,LW
12,34.0,1,-7,20,6,1,0,0,10.6,130,11.1,10,9,52.6,19,56,17,3,0.8918918918918919,0.22972972972972974,0.0945945945945946,0.47297297297297297,0,1.8,1.370924592913418,Depth Role,0.4290754070865821,Tomas Tatar,New Jersey Devils,LW
13,30.0,6,-5,29,2,0,1,0,3.0,218,21.32,0,0,0.0,138,24,17,1,1.375,0.2361111111111111,0.3472222222222222,0.8611111111111112,0,5.5,5.154909970309358,Depth Role,0.34509002969064184,Brett Pesce,New Jersey Devils,D
14,27.0,5,10,72,1,0,0,1,1.3,222,19.82,0,0,0.0,99,102,17,1,0.9382716049382716,0.20987654320987653,0.345679012345679,1.2345679012345678,0,4.0,4.249118585708314,Depth Role,-0.24911858570831402,Johnathan Kovacevic,New Jersey Devils,D
15,34.0,3,8,67,2,0,0,0,4.2,177,18.58,0,0,0.0,108,191,17,1,0.5853658536585366,0.1951219512195122,0.0975609756097561,0.9024390243902439,0,4.0,3.1725276142241774,Depth Role,0.8274723857758226,Brenden Dillon,New Jersey Devils,D
16,27.0,1,-4,31,2,1,1,1,9.1,84,10.93,8,17,32.0,27,138,17,4,0.7457627118644068,0.1694915254237288,0.03389830508474576,0.4067796610169492,1,0.775,-0.338874136555666,Depth Role,1.113874136555666,Nathan Bastian,New Jersey Devils,RW
17,27.0,5,9,44,2,0,0,0,3.8,133,19.6,0,0,0.0,92,75,17,1,0.9454545454545454,0.16363636363636364,0.2545454545454545,1.0727272727272728,0,3.4,4.130394602581999,Depth Role,-0.7303946025819994,Jonas Siegenthaler,New Jersey Devils,D
20,34.0,2,-6,6,2,0,0,0,5.9,86,10.22,158,169,48.3,22,51,17,0,0.6538461538461539,0.1346153846153846,0.2692307692307692,0.5576923076923077,1,0.775,0.6057630093356217,Depth Role,0.16923699066437836,Justin Dowling,New Jersey Devils,C
22,29.0,1,-6,14,2,0,0,0,7.4,51,10.57,205,195,51.3,17,107,17,0,0.5625,0.10416666666666667,0.0625,0.22916666666666666,1,0.775,-0.2558793701193798,Depth Role,1.0308793701193797,Curtis Lazar,New Jersey Devils,C
23,20.0,3,-10,14,2,0,0,1,7.7,63,14.98,0,0,0.0,26,2,17,1,0.9629629629629629,0.14814814814814814,0.18518518518518517,0.8888888888888888,1,0.918333,1.2526702449466312,Depth Role,-0.3343372449466312,Simon Nemec,New Jersey Devils,D
32,30.0,3,-5,23,0,0,0,0,0.0,15,5.78,0,0,0.0,8,40,17,3,0.30434782608695654,0.0,0.043478260869565216,0.391304347826087,0,1.15,1.6412612699393385,Depth Role,-0.4912612699393386,Kurtis MacDermid,New Jersey Devils,LW
1,27.0,6,12,31,17,5,1,5,7.7,638,26.75,0,0,0.0,131,19,7,1,3.6790123456790123,1.0123456790123457,0.6049382716049383,1.4814814814814814,0,9.583333,8.521609387599774,Elite,1.0617236124002254,Zach Werenski,Columbus Blue Jackets,D
2,24.0,3,29,20,29,2,0,2,15.0,434,18.58,13,28,31.7,38,55,7,4,2.6202531645569622,0.9367088607594937,0.45569620253164556,1.0632911392405062,0,3.85,4.7452290808266255,Very Good,-0.8952290808266254,Kirill Marchenko,Columbus Blue Jackets,RW
3,22.0,3,2,16,19,4,1,4,19.5,258,17.3,0,8,0.0,29,3,7,0,1.8088235294117647,0.8382352941176471,0.3088235294117647,0.9411764705882353,0,1.8,4.243040969935908,Very Good,-2.4430409699359084,Kent Johnson,Columbus Blue Jackets,C
4,30.0,5,19,20,12,7,0,2,14.8,214,19.02,616,555,52.6,34,30,7,0,2.3703703703703702,1.0555555555555556,0.24074074074074073,0.9629629629629629,0,5.5,7.082160432002848,Elite,-1.5821604320028477,Sean Monahan,Columbus Blue Jackets,C
5,20.0,3,4,18,28,2,1,3,16.2,394,17.48,420,598,41.3,56,113,7,0,2.3292682926829267,0.6585365853658537,0.2804878048780488,1.0853658536585367,1,0.95,2.4821548833329623,Solid Role,-1.5321548833329623,Adam Fantilli,Columbus Blue Jackets,C
6,24.0,2,17,55,15,8,0,1,14.9,260,16.78,37,52,41.6,47,71,7,3,2.1095890410958904,0.6438356164383562,0.1506849315068493,0.7945205479452054,0,4.175,3.4644425403879726,Solid Role,0.7105574596120272,Dmitri Voronkov,Columbus Blue Jackets,LW
7,35.0,1,-4,23,15,1,0,2,18.8,149,12.4,6,14,30.0,16,31,7,3,1.1971830985915493,0.5070422535211268,0.07042253521126761,0.5633802816901409,0,1.0,2.0610151219886435,Solid Role,-1.0610151219886435,James van Riemsdyk,Columbus Blue Jackets,LW
8,21.0,2,-11,35,8,2,1,2,8.5,231,16.92,300,350,46.2,36,74,7,0,1.9545454545454546,0.5,0.3181818181818182,0.7575757575757576,0,2.25,2.763988493154097,Solid Role,-0.513988493154097,Cole Sillinger,Columbus Blue Jackets,C
9,28.0,7,11,31,5,1,1,0,7.0,269,23.35,0,0,0.0,127,28,7,1,1.2195121951219512,0.4024390243902439,0.35365853658536583,1.4634146341463414,0,8.5,6.4797673172569645,Solid Role,2.0202326827430355,Ivan Provorov,Columbus Blue Jackets,D
10,27.0,6,-4,139,17,0,1,5,16.2,200,14.47,14,22,38.9,80,306,7,2,1.353658536585366,0.3902439024390244,0.2682926829268293,0.5975609756097561,0,3.0,3.8678702047733395,Depth Role,-0.8678702047733395,Mathieu Olivier,Columbus Blue Jackets,F
11,26.0,4,23,40,9,0,0,3,11.0,204,21.65,0,0,0.0,136,66,7,1,1.3225806451612903,0.41935483870967744,0.3709677419354839,1.064516129032258,0,4.125,4.22982930702459,Solid Role,-0.10482930702459026,Dante Fabbro,Columbus Blue Jackets,D
12,30.0,8,5,47,6,0,0,1,6.6,197,19.05,0,0,0.0,104,43,7,1,1.3,0.35714285714285715,0.4,1.2142857142857142,0,6.25,6.252158639354533,Solid Role,-0.0021586393545334204,Damon Severson,Columbus Blue Jackets,D
13,31.0,2,-6,18,8,0,1,1,9.6,140,14.38,327,334,49.5,49,126,7,4,1.540983606557377,0.3442622950819672,0.13114754098360656,0.4262295081967213,0,1.8,2.4765987299298695,Depth Role,-0.6765987299298695,Justin Danforth,Columbus Blue Jackets,RW
14,31.0,4,3,4,4,2,1,1,10.0,122,17.98,105,100,51.2,18,43,7,0,2.6923076923076925,0.7307692307692307,0.15384615384615385,0.9230769230769231,0,3.75,5.619107090826641,Very Good,-1.869107090826641,Boone Jenner,Columbus Blue Jackets,C
15,32.0,2,-4,40,6,0,0,0,6.8,194,11.77,316,266,54.3,45,163,7,0,1.0731707317073171,0.2073170731707317,0.2073170731707317,0.4634146341463415,0,1.85,1.9131167207423867,Depth Role,-0.06311672074238661,Sean Kuraly,Columbus Blue Jackets,C
16,30.0,1,-15,27,6,0,0,1,5.9,192,13.45,2,7,22.2,58,179,7,0,1.2784810126582278,0.21518987341772153,0.13924050632911392,0.5316455696202531,1,0.775,0.13975426072192354,Depth Role,0.6352457392780765,Zach Aston-Reese,Columbus Blue Jackets,C
17,23.0,2,-6,4,5,2,0,1,10.3,140,15.72,0,0,0.0,10,47,7,4,2.2666666666666666,0.5,0.13333333333333333,0.6,0,2.1,3.2218924551216945,Solid Role,-1.1218924551216944,Yegor Chinakhov,Columbus Blue Jackets,RW
18,20.0,3,4,20,4,0,0,0,9.1,111,18.03,0,0,0.0,63,26,7,1,0.9777777777777777,0.28888888888888886,0.4222222222222222,0.7777777777777778,1,0.886667,1.6586631781246144,Depth Role,-0.7719961781246144,Denton Mateychuk,Columbus Blue Jackets,D
19,29.0,1,1,12,2,0,0,0,5.7,93,10.5,0,3,0.0,14,29,7,4,1.0294117647058822,0.35294117647058826,0.17647058823529413,0.4117647058823529,1,0.775,0.3598076822204703,Depth Role,0.4151923177795297,Kevin Labanc,Columbus Blue Jackets,RW
21,25.0,2,6,11,1,0,0,0,1.7,135,12.53,0,0,0.0,65,50,7,1,0.8529411764705882,0.11764705882352941,0.11764705882352941,0.75,0,0.975,1.6627563454347634,Depth Role,-0.6877563454347634,Jake Christiansen,Columbus Blue Jackets,D
22,23.0,1,-11,6,3,0,1,0,12.5,71,12.1,2,1,66.7,39,25,7,3,0.6808510638297872,0.14893617021276595,0.19148936170212766,0.5531914893617021,1,0.775,-0.02029481208949857,Depth Role,0.7952948120894986,Mikael Pyyhtia,Columbus Blue Jackets,LW
23,38.0,1,-13,2,0,0,0,0,0.0,60,12.87,0,0,0.0,35,21,7,1,0.5609756097560976,0.14634146341463414,0.1951219512195122,0.4634146341463415,1,0.775,0.5029522347731414,Depth Role,0.2720477652268586,Jack Johnson,Columbus Blue Jackets,D
24,24.0,1,-1,6,1,0,0,0,6.7,39,11.38,0,0,0.0,35,23,7,1,0.45454545454545453,0.15151515151515152,0.12121212121212122,0.48484848484848486,1,0.825,-0.2179299476875478,Depth Role,1.0429299476875478,Jordan Harris,Columbus Blue Jackets,D
1,33.0,7,-9,16,29,8,0,3,15.6,586,19.68,0,1,0.0,11,18,18,3,2.9625,1.1125,0.3125,1.2125,0,11.642857,8.917251362442155,Elite,2.7256056375578446,Artemi Panarin,New York Rangers,LW
2,31.0,8,-22,22,13,7,0,0,10.9,383,18.77,549,507,52.0,46,44,18,0,2.231707317073171,0.7560975609756098,0.35365853658536583,1.0121951219512195,0,8.5,8.036466692019443,Very Good,0.4635333079805566,Mika Zibanejad,New York Rangers,C
3,26.0,7,9,32,8,1,1,2,7.4,339,23.25,0,0,0.0,108,40,18,1,1.8243243243243243,0.8243243243243243,0.5405405405405406,1.027027027027027,0,9.5,7.288698146228989,Elite,2.211301853771011,Adam Fox,New York Rangers,D
4,31.0,7,0,44,15,5,6,7,12.9,380,21.1,910,624,59.3,78,214,18,0,2.4634146341463414,0.7195121951219512,0.4024390243902439,1.1585365853658536,0,5.625,7.696533047193802,Very Good,-2.0715330471938023,Vincent Trocheck,New York Rangers,C
5,23.0,7,-13,38,15,2,0,4,11.1,302,17.0,13,26,33.3,27,119,18,3,1.8658536585365855,0.5487804878048781,0.3048780487804878,0.5609756097560976,0,7.45,5.574453024468859,Solid Role,1.8755469755311411,Alexis Lafreniere,New York Rangers,LW
6,22.0,2,12,42,16,2,2,3,13.2,275,15.08,11,22,33.3,50,301,18,3,1.853658536585366,0.5487804878048781,0.10975609756097561,0.5853658536585366,0,3.9,2.433451172172872,Solid Role,1.4665488278271277,William Cuylle,New York Rangers,LW
7,31.0,7,-2,18,10,3,0,0,23.6,121,18.52,219,161,57.6,22,76,18,0,1.71875,1.09375,0.53125,1.09375,0,8.0,8.162654318730056,Elite,-0.16265431873005554,J.T. Miller,New York Rangers,C
8,33.0,7,-5,24,12,6,4,6,14.5,261,16.75,27,41,39.7,26,79,18,3,2.235294117647059,0.4411764705882353,0.1323529411764706,0.5735294117647058,0,6.5,6.366526834789367,Depth Role,0.13347316521063313,Chris Kreider,New York Rangers,LW
9,33.0,1,-1,22,7,1,2,2,11.2,152,15.6,1,2,33.3,34,42,18,4,1.5344827586206897,0.5,0.3448275862068966,0.8620689655172413,0,2.0,2.5928950780673112,Solid Role,-0.5928950780673112,Reilly Smith,New York Rangers,RW
10,25.0,8,0,22,7,0,0,1,6.4,261,21.95,0,0,0.0,110,107,18,1,1.4864864864864864,0.36486486486486486,0.6351351351351351,1.3108108108108107,0,7.5,6.458439037878193,Solid Role,1.0415609621218067,K'Andre Miller,New York Rangers,D
11,23.0,2,9,18,5,0,1,1,6.3,224,17.87,0,0,0.0,145,146,18,1,1.1875,0.2625,0.2375,1.2,0,2.2,2.1888582286845706,Depth Role,0.011141771315429594,Braden Schneider,New York Rangers,D
12,25.0,4,4,14,10,1,0,1,12.4,177,14.33,184,219,45.7,9,12,18,0,2.1707317073170733,0.4878048780487805,0.1951219512195122,0.6097560975609756,0,4.4375,3.9149042616470133,Depth Role,0.5225957383529867,Filip Chytil,New York Rangers,C
13,32.0,3,5,58,5,0,1,2,7.1,164,11.93,375,317,54.2,42,137,18,0,1.05,0.25,0.2,0.65,0,1.0,2.519085783893912,Depth Role,-1.519085783893912,Sam Carrick,New York Rangers,C
14,26.0,4,1,36,2,0,0,0,4.8,146,19.93,0,0,0.0,102,59,18,1,0.7777777777777778,0.35185185185185186,0.18518518518518517,1.0185185185185186,0,4.5,4.007128710114552,Solid Role,0.49287128988544815,Ryan Lindgren,New York Rangers,D
15,31.0,2,6,4,12,0,0,2,16.4,139,11.68,81,89,47.6,19,27,18,0,1.4313725490196079,0.37254901960784315,0.21568627450980393,0.5098039215686274,1,0.7875,1.147912623131028,Depth Role,-0.36041262313102795,Jonny Brodzinski,New York Rangers,C
16,26.0,2,8,16,2,0,0,0,5.1,95,16.72,0,0,0.0,42,19,18,1,0.8478260869565217,0.32608695652173914,0.1956521739130435,0.782608695652174,0,1.55,2.5490604497831395,Solid Role,-0.9990604497831395,Urho Vaakanainen,New York Rangers,D
17,23.0,3,9,14,3,1,0,1,8.9,84,13.28,32,32,50.0,8,23,18,4,1.5,0.4666666666666667,0.16666666666666666,0.5333333333333333,0,4.525,3.244913958555345,Depth Role,1.2800860414446555,Kaapo Kakko,New York Rangers,RW
18,28.0,5,9,33,3,0,1,0,7.0,128,18.3,0,0,0.0,80,74,18,1,1.1176470588235294,0.2549019607843137,0.3137254901960784,1.0392156862745099,0,4.1,4.442508922732316,Depth Role,-0.3425089227323159,William Borgen,New York Rangers,D
19,24.0,1,0,24,1,0,0,0,2.0,118,17.25,0,0,0.0,46,28,18,1,1.108695652173913,0.2391304347826087,0.34782608695652173,0.8695652173913043,1,0.9,0.5744511707858568,Depth Role,0.3255488292141432,Zachary Jones,New York Rangers,D
20,22.0,3,-6,8,6,0,0,1,10.2,108,10.72,3,4,42.9,20,53,18,3,1.6857142857142857,0.2857142857142857,0.2,0.5142857142857142,1,0.8675,1.1193212924912634,Depth Role,-0.2518212924912634,Brett Berard,New York Rangers,LW
21,24.0,2,-5,27,5,0,0,2,12.5,72,9.27,0,4,0.0,34,94,18,0,0.7843137254901961,0.17647058823529413,0.13725490196078433,0.37254901960784315,0,0.975,1.24529182651424,Depth Role,-0.2702918265142401,Adam Edstrom,New York Rangers,C
22,22.0,2,7,67,3,0,0,0,10.0,59,8.5,2,11,15.4,14,117,18,0,0.7142857142857143,0.19047619047619047,0.09523809523809523,0.19047619047619047,0,0.975,0.997846059578396,Depth Role,-0.022846059578396027,Matt Rempe,New York Rangers,C
23,31.0,2,-2,0,4,0,0,0,13.3,61,10.67,3,8,27.3,10,19,18,3,0.9090909090909091,0.18181818181818182,0.15151515151515152,0.5757575757575758,1,0.8,0.9511410825775606,Depth Role,-0.15114108257756054,Jimmy Vesey,New York Rangers,LW
24,30.0,7,-3,22,0,0,0,0,0.0,88,20.0,0,0,0.0,68,39,18,1,1.9166666666666667,0.25,0.25,0.9583333333333334,0,8.0,6.087988354190291,Depth Role,1.9120116458097094,Jacob Trouba,New York Rangers,D
29,22.0,3,7,2,0,0,0,0,0.0,49,9.97,0,3,0.0,7,43,18,3,0.9090909090909091,0.09090909090909091,0.045454545454545456,0.2727272727272727,1,0.863333,0.7284232177675176,Depth Role,0.1349097822324824,Brennan Othmann,New York Rangers,LW
1,29.0,8,-4,16,23,3,2,7,11.5,449,20.17,767,552,58.2,40,100,19,0,3.0,0.7037037037037037,0.2716049382716049,1.123456790123457,0,8.5,7.745790430302464,Very Good,0.7542095696975357,Bo Horvat,New York islanders,C
2,34.0,7,3,35,24,5,0,3,12.4,392,17.07,12,15,44.4,39,121,19,3,2.841463414634146,0.6585365853658537,0.14634146341463414,0.8170731707317073,0,7.0,6.543959614621268,Solid Role,0.45604038537873226,Anders Lee,New York islanders,LW
3,33.0,2,-17,20,19,5,0,2,14.2,363,18.52,13,20,39.4,48,54,19,4,2.0609756097560976,0.5853658536585366,0.21951219512195122,0.6707317073170732,0,4.75,3.842776774505601,Solid Role,0.9072232254943988,Kyle Palmieri,New York islanders,RW
4,23.0,2,5,8,17,2,1,3,20.8,208,16.87,1,4,20.0,55,27,19,4,1.28,0.6,0.17333333333333334,0.64,0,3.625,2.8924192582917883,Solid Role,0.7325807417082117,Simon Holmstrom,New York islanders,RW
5,33.0,3,2,14,16,1,3,6,12.3,290,19.35,491,439,52.8,36,26,19,0,2.6557377049180326,0.7049180327868853,0.4918032786885246,0.5573770491803278,0,7.5,4.749826983116618,Very Good,2.750173016883382,Brock Nelson,New York islanders,C
6,32.0,6,4,23,11,2,1,1,11.7,232,17.0,589,399,59.6,57,140,19,0,1.518987341772152,0.5316455696202531,0.31645569620253167,0.5949367088607594,0,5.0,5.590096459981967,Solid Role,-0.5900964599819671,Jean-Gabriel Pageau,New York islanders,C
7,25.0,8,-16,28,9,1,0,1,5.1,437,23.27,0,0,0.0,126,57,19,1,2.76056338028169,0.5492957746478874,0.5070422535211268,1.5211267605633803,0,9.5,7.498140364175425,Very Good,2.001859635824575,Noah Dobson,New York islanders,D
8,26.0,2,4,39,9,1,0,1,8.6,262,14.97,10,13,43.5,40,140,19,2,1.5064935064935066,0.45454545454545453,0.36363636363636365,1.0129870129870129,0,2.25,2.606512574190094,Depth Role,-0.3565125741900941,Maxim Tsyplakov,New York islanders,F
9,30.0,8,2,16,4,1,0,1,5.2,226,21.08,0,0,0.0,155,100,19,1,1.3108108108108107,0.3108108108108108,0.43243243243243246,1.054054054054054,0,6.15,6.3031871103868085,Solid Role,-0.1531871103868081,Ryan Pulock,New York islanders,D
10,30.0,8,4,32,0,0,0,0,0.0,278,21.12,0,0,0.0,87,73,19,1,1.8166666666666667,0.35,0.6,0.9666666666666667,0,5.75,6.6359770742763144,Solid Role,-0.8859770742763144,Adam Pelech,New York islanders,D
11,25.0,8,5,20,4,0,0,0,4.0,252,22.3,0,0,0.0,165,147,19,1,1.5625,0.3125,0.375,1.265625,0,6.25,6.333539229346813,Solid Role,-0.08353922934681268,Alexander Romanov,New York islanders,D
12,27.0,8,10,4,5,1,0,1,7.7,171,20.35,22,30,42.3,24,24,19,0,2.6,0.6666666666666666,0.3333333333333333,1.2,0,9.15,7.644811871356167,Solid Role,1.5051881286438338,Mathew Barzal,New York islanders,C
13,29.0,1,-11,10,4,0,0,1,5.3,167,23.35,0,0,0.0,42,17,19,1,2.1714285714285713,0.5428571428571428,0.17142857142857143,1.2571428571428571,0,1.75,3.7266641191333094,Very Good,-1.9766641191333094,Tony DeAngelo,New York islanders,D
14,33.0,6,-13,51,6,0,1,1,7.2,197,13.03,337,274,55.2,66,202,19,0,1.1829268292682926,0.2073170731707317,0.21951219512195122,0.5121951219512195,0,2.5,4.268218001884422,Depth Role,-1.7682180018844216,Casey Cizikas,New York islanders,C
15,28.0,7,-7,16,8,0,0,2,8.6,162,11.82,10,24,29.4,12,47,19,3,1.5,0.24193548387096775,0.11290322580645161,0.5806451612903226,0,3.0,4.698204727884464,Depth Role,-1.6982047278844643,Pierre Engvall,New York islanders,LW
16,25.0,3,-15,14,4,0,0,0,6.6,120,9.97,273,293,48.2,29,108,19,2,0.7530864197530864,0.13580246913580246,0.14814814814814814,0.32098765432098764,1,0.775,0.4514302644252943,Depth Role,0.3235697355747057,Kyle MacLean,New York islanders,F
17,29.0,4,-15,10,4,3,0,0,11.7,121,15.05,0,1,0.0,21,26,19,3,1.3636363636363635,0.25,0.20454545454545456,0.9772727272727273,0,3.5,3.9204123409303175,Depth Role,-0.42041234093031754,Anthony Duclair,New York islanders,LW
18,26.0,1,1,10,3,0,0,0,11.5,61,12.8,0,0,0.0,30,5,19,1,0.7878787878787878,0.30303030303030304,0.24242424242424243,1.0,1,0.775,0.404322196335416,Solid Role,0.370677803664584,Dennis Cholowski,New York islanders,D
19,32.0,7,18,27,2,0,1,0,5.9,151,17.0,0,0,0.0,105,89,19,1,0.7727272727272727,0.13636363636363635,0.4090909090909091,0.8939393939393939,0,3.5,5.292610495098778,Depth Role,-1.7926104950987778,Scott Mayfield,New York islanders,D
20,25.0,1,-4,11,8,0,0,1,19.5,74,9.78,5,7,41.7,23,149,19,2,1.0512820512820513,0.23076923076923078,0.1794871794871795,0.3076923076923077,1,0.9,-0.17390936807743618,Depth Role,1.073909368077436,Marc Gatcomb,New York islanders,F
22,20.0,3,-3,6,1,0,0,1,3.8,74,15.65,0,0,0.0,34,14,19,1,0.7878787878787878,0.15151515151515152,0.18181818181818182,0.7878787878787878,1,0.838333,1.2372433314972069,Depth Role,-0.3989103314972069,Isaiah George,New York islanders,D
23,24.0,1,-6,9,2,0,0,1,6.7,54,10.07,1,1,50.0,18,7,19,4,1.1111111111111112,0.14814814814814814,0.1111111111111111,0.2962962962962963,0,1.0,0.9593235527881845,Depth Role,0.040676447211815514,Oliver Wahlstrom,New York islanders,RW
24,29.0,1,-4,6,2,0,0,0,3.9,90,11.08,2,8,20.0,17,28,19,4,1.186046511627907,0.09302325581395349,0.20930232558139536,0.627906976744186,1,0.775,0.019559165663171285,Depth Role,0.7554408343368287,Hudson Fasching,New York islanders,RW
27,35.0,1,-5,10,0,0,0,0,0.0,39,8.55,8,7,53.3,19,82,19,3,0.53125,0.0625,0.09375,0.46875,1,0.775,-0.11925211778814582,Depth Role,0.8942521177881458,Matt Martin,New York islanders,LW
1,37.0,2,-20,31,21,12,0,10,14.5,415,20.37,1016,766,57.0,39,67,22,0,2.8375,1.1375,0.3625,1.075,0,8.7,6.6479749375696136,Elite,2.0520250624303857,Sidney Crosby,Pittsburgh Penguins,C
2,31.0,6,-22,14,26,9,0,1,17.2,409,19.3,19,26,42.2,77,116,22,4,2.506172839506173,0.8641975308641975,0.24691358024691357,0.9506172839506173,0,5.0,7.046621604968712,Very Good,-2.0466216049687116,Rickard Rakell,Pittsburgh Penguins,RW
3,32.0,6,-21,18,26,5,0,5,16.3,335,19.75,9,8,52.9,54,62,22,4,2.676056338028169,0.9154929577464789,0.23943661971830985,0.9014084507042254,0,5.125,6.982163585137123,Very Good,-1.8571635851371227,Bryan Rust,Pittsburgh Penguins,RW
4,34.0,8,-24,20,9,2,0,1,5.8,507,23.23,0,0,0.0,94,29,22,1,2.3292682926829267,0.6463414634146342,0.5365853658536586,1.7073170731707317,0,11.5,8.47235632646462,Very Good,3.0276436735353798,Erik Karlsson,Pittsburgh Penguins,D
5,38.0,4,-24,42,12,4,0,3,12.8,253,17.78,290,343,45.8,48,32,22,0,1.838235294117647,0.7352941176470589,0.4411764705882353,1.161764705882353,0,6.1,5.5670007050972625,Very Good,0.5329992949027371,Evgeni Malkin,Pittsburgh Penguins,C
6,31.0,1,-6,16,1,0,0,0,1.1,258,20.62,0,0,0.0,101,43,22,1,1.146341463414634,0.4878048780487805,0.3902439024390244,1.0365853658536586,0,2.75,2.893140811549631,Solid Role,-0.14314081154963088,Matt Grzelcyk,Pittsburgh Penguins,D
7,37.0,6,-15,52,4,4,1,0,5.5,361,23.53,0,0,0.0,100,120,22,1,2.2162162162162162,0.40540540540540543,0.5,1.3513513513513513,0,6.1,6.627522890367959,Solid Role,-0.5275228903679592,Kris Letang,Pittsburgh Penguins,D
8,29.0,3,-18,48,5,9,0,1,12.7,231,15.25,5,6,45.5,13,59,22,3,1.896551724137931,0.5,0.1724137931034483,0.6551724137931034,0,4.5,4.092934074955215,Solid Role,0.407065925044785,Michael Bunting,Pittsburgh Penguins,LW
9,23.0,1,-10,8,8,3,0,6,12.6,150,13.45,1,8,11.1,20,53,22,0,1.74,0.46,0.3,0.48,0,1.75,1.708033900383684,Depth Role,0.04196609961631603,Philip Tomasino,Pittsburgh Penguins,C
10,32.0,7,-15,8,9,4,0,1,13.3,194,12.05,237,217,52.2,11,52,22,4,1.53125,0.359375,0.21875,0.515625,0,7.142857,5.474480068109891,Depth Role,1.6683769318901094,Kevin Hayes,Pittsburgh Penguins,RW
11,27.0,2,-1,14,12,0,1,0,10.8,213,13.0,4,7,36.4,26,108,22,3,1.9047619047619047,0.31746031746031744,0.23809523809523808,0.3333333333333333,0,2.75,1.9372979160860684,Depth Role,0.8127020839139316,Anthony Beauvillier,Pittsburgh Penguins,LW
12,27.0,2,-4,26,9,1,1,1,21.6,102,12.72,177,169,51.2,29,60,22,0,0.864406779661017,0.3389830508474576,0.1694915254237288,0.6101694915254238,0,1.85,2.2157757219759353,Depth Role,-0.3657757219759352,Blake Lizotte,Pittsburgh Penguins,C
13,28.0,6,-2,25,3,0,0,1,7.0,142,22.05,0,0,0.0,83,57,22,1,0.9148936170212766,0.3829787234042553,0.48936170212765956,1.2765957446808511,0,5.5,5.632470740099103,Solid Role,-0.13247074009910342,Marcus Pettersson,Pittsburgh Penguins,D
14,26.0,2,-14,16,4,1,1,1,7.3,171,14.62,38,54,41.3,40,51,22,2,1.5471698113207548,0.3018867924528302,0.4528301886792453,0.7358490566037735,0,2.5,2.379306737623332,Depth Role,0.12069326237666811,Drew O'Connor,Pittsburgh Penguins,F
15,25.0,2,-9,12,3,1,0,1,5.1,153,13.42,178,160,52.7,31,43,22,0,1.5294117647058822,0.29411764705882354,0.21568627450980393,0.43137254901960786,0,2.5,2.1679574892601883,Depth Role,0.3320425107398117,Cody Glass,Pittsburgh Penguins,C
16,33.0,3,-25,16,5,0,0,0,6.7,151,13.77,321,277,53.7,100,180,22,0,0.9493670886075949,0.1518987341772152,0.17721518987341772,0.4177215189873418,0,2.0,2.53832337614927,Depth Role,-0.5383233761492701,Noel Acciari,Pittsburgh Penguins,C
17,29.0,2,3,0,2,0,1,0,8.1,63,12.53,4,9,30.8,12,31,22,0,1.3214285714285714,0.39285714285714285,0.2857142857142857,0.7857142857142857,0,2.25,2.561882475768363,Depth Role,-0.31188247576836314,Danton Heinen,Pittsburgh Penguins,C
18,26.0,1,-1,10,3,0,0,0,7.9,84,11.6,0,1,0.0,7,45,22,4,1.4615384615384615,0.34615384615384615,0.11538461538461539,0.4230769230769231,1,0.775,0.3245923738937284,Depth Role,0.4504076261062716,Jesse Puljujarvi,Pittsburgh Penguins,RW
23,27.0,1,-9,14,2,0,0,0,10.5,65,16.73,0,0,0.0,51,20,22,1,0.48717948717948717,0.1282051282051282,0.358974358974359,0.8974358974358975,1,0.9,0.6349145417410655,Depth Role,0.2650854582589345,Ryan Shea,Pittsburgh Penguins,D
24,29.0,6,-15,29,1,0,0,0,2.6,134,14.98,0,0,0.0,73,75,22,1,0.639344262295082,0.06557377049180328,0.29508196721311475,1.0327868852459017,0,4.5,4.420175776063412,Depth Role,0.07982422393658783,Ryan Graves,Pittsburgh Penguins,D
27,32.0,2,-8,4,1,0,0,0,3.2,46,12.25,2,3,40.0,20,39,22,3,0.96875,0.09375,0.03125,0.59375,1,0.9,0.9811274590519616,Depth Role,-0.08112745905196161,Matthew Nieto,Pittsburgh Penguins,LW
29,21.0,3,-5,6,1,0,0,0,6.7,51,14.82,0,0,0.0,19,13,22,1,0.6,0.12,0.2,0.44,1,0.886667,1.4681845251283412,Depth Role,-0.5815175251283412,Owen Pickering,Pittsburgh Penguins,D
37,25.0,1,-15,22,0,0,0,0,0.0,75,17.33,0,0,0.0,23,23,22,1,0.8333333333333334,0.041666666666666664,0.5416666666666666,1.0416666666666667,1,0.775,1.0677458974378706,Depth Role,-0.2927458974378706,Pierre-Olivier Joseph,Pittsburgh Penguins,D
1,27.0,8,-17,53,15,8,1,3,12.8,404,20.6,39,61,39.0,42,94,21,4,2.292682926829268,0.926829268292683,0.3170731707317073,1.170731707317073,0,8.75,8.456214021149268,Very Good,0.29378597885073177,Travis Konecny,Philadelphia Flyers,RW
2,20.0,3,-18,46,18,8,0,3,13.0,359,16.68,19,22,46.3,23,29,21,4,2.5,0.7875,0.175,1.025,1,0.95,3.0331552044297587,Very Good,-2.083155204429759,Matvei Michkov,Philadelphia Flyers,RW
3,32.0,8,1,41,14,1,0,2,9.7,258,17.3,670,525,56.1,45,54,21,0,1.9620253164556962,0.569620253164557,0.35443037974683544,0.9873417721518988,0,7.75,6.651627983950534,Solid Role,1.098372016049466,Sean Couturier,Philadelphia Flyers,C
4,25.0,8,-12,16,20,0,0,2,10.6,424,16.0,7,11,38.9,63,115,21,4,2.4415584415584415,0.5584415584415584,0.4155844155844156,0.7532467532467533,0,6.2,6.1898048662476395,Solid Role,0.010195133752360697,Owen Tippett,Philadelphia Flyers,RW
5,23.0,2,-9,49,19,6,0,2,17.6,287,16.87,0,2,0.0,54,75,21,4,1.7530864197530864,0.5308641975308642,0.19753086419753085,0.5061728395061729,0,3.75,2.8142735755626394,Solid Role,0.9357264244373606,Tyson Foerster,Philadelphia Flyers,RW
6,23.0,2,-11,22,10,2,0,2,11.4,213,14.83,17,40,29.8,30,98,21,4,1.3291139240506329,0.5189873417721519,0.26582278481012656,0.7341772151898734,0,1.5,2.510393675091553,Solid Role,-1.010393675091553,Bobby Brink,Philadelphia Flyers,RW
7,25.0,4,3,14,15,1,0,2,14.5,214,15.88,493,612,44.6,54,87,21,3,1.4102564102564104,0.47435897435897434,0.2692307692307692,0.41025641025641024,0,4.0,3.7024297177847494,Depth Role,0.2975702822152506,Noah Cates,Philadelphia Flyers,LW
8,26.0,2,-4,16,10,2,0,1,16.9,141,13.88,375,362,50.9,79,26,21,0,1.0441176470588236,0.45588235294117646,0.16176470588235295,0.6323529411764706,0,1.9,2.4219827442544055,Depth Role,-0.5219827442544056,Ryan Poehling,Philadelphia Flyers,C
9,28.0,8,-6,40,8,0,0,0,5.8,306,24.5,0,0,0.0,170,84,21,1,1.6951219512195121,0.36585365853658536,0.6219512195121951,1.548780487804878,0,6.25,6.831105020765987,Solid Role,-0.5811050207659871,Travis Sanheim,Philadelphia Flyers,D
10,30.0,5,-17,21,10,0,1,1,10.5,192,15.1,189,192,49.6,33,129,21,0,1.75,0.45,0.23333333333333334,0.8,0,3.0,4.450013664891701,Depth Role,-1.450013664891701,Scott Laughton,Philadelphia Flyers,C
11,25.0,2,-11,16,10,1,0,2,12.8,156,15.18,306,285,51.8,39,35,21,0,1.7551020408163265,0.5102040816326531,0.3877551020408163,0.7551020408163265,0,4.375,2.819167465842242,Solid Role,1.5558325341577581,Morgan Frost,Philadelphia Flyers,C
12,33.0,2,5,58,8,0,2,1,12.5,138,11.87,7,12,36.8,61,257,21,4,1.1940298507462686,0.31343283582089554,0.11940298507462686,0.40298507462686567,0,2.4,1.8939392291735664,Depth Role,0.5060607708264335,Garnet Hathaway,Philadelphia Flyers,RW
13,31.0,4,10,36,3,0,0,1,3.7,237,17.28,0,0,0.0,200,125,21,1,1.0649350649350648,0.2597402597402597,0.2987012987012987,1.103896103896104,0,2.7,3.5781760666134743,Depth Role,-0.8781760666134741,Nick Seeler,Philadelphia Flyers,D
14,22.0,3,-32,22,5,2,0,1,11.1,186,19.92,0,0,0.0,102,18,21,1,0.9,0.2857142857142857,0.2857142857142857,1.042857142857143,0,2.3,3.3740137582733376,Depth Role,-1.0740137582733378,Jamie Drysdale,Philadelphia Flyers,D
15,24.0,6,-12,26,8,0,0,0,8.1,161,15.2,11,25,30.6,34,55,21,3,1.98,0.38,0.3,0.9,0,5.0,4.714563072416753,Depth Role,0.28543692758324735,Joel Farabee,Philadelphia Flyers,LW
16,30.0,5,3,14,4,0,0,2,4.0,193,20.52,0,0,0.0,94,97,21,1,1.5873015873015872,0.30158730158730157,0.3968253968253968,0.8253968253968254,0,5.1,4.874623960020919,Solid Role,0.2253760399790803,Rasmus Ristolainen,Philadelphia Flyers,D
17,24.0,5,-8,26,4,0,0,1,6.2,169,20.78,0,0,0.0,126,60,21,1,0.9848484848484849,0.25757575757575757,0.3787878787878788,1.3636363636363635,0,5.15,4.5488814290495245,Depth Role,0.6011185709504758,Cameron York,Philadelphia Flyers,D
18,24.0,2,-14,6,3,0,0,1,8.1,113,16.52,0,0,0.0,91,24,21,1,0.5873015873015873,0.23809523809523808,0.23809523809523808,0.8253968253968254,0,1.7,2.3010854404746572,Depth Role,-0.6010854404746573,Egor Zamula,Philadelphia Flyers,D
19,23.0,3,-3,4,3,0,0,0,12.5,40,10.52,8,10,44.4,5,24,21,3,0.96,0.32,0.2,0.4,1,0.775,1.1777360783715052,Depth Role,-0.40273607837150516,Jakob Pelletier,Philadelphia Flyers,LW
20,22.0,3,-5,16,1,0,0,0,1.9,127,17.35,0,0,0.0,50,46,21,1,1.2380952380952381,0.16666666666666666,0.38095238095238093,1.0476190476190477,1,0.903333,1.5284438897890764,Depth Role,-0.6251108897890764,Emil Andrae,Philadelphia Flyers,D
24,29.0,1,-10,4,2,0,0,0,8.0,48,9.18,66,47,58.4,12,25,21,0,1.1363636363636365,0.22727272727272727,0.18181818181818182,0.6363636363636364,1,0.8,0.19925737025407741,Depth Role,0.6007426297459226,Rodrigo Abols,Philadelphia Flyers,C
25,36.0,1,-3,11,1,0,0,0,7.1,29,13.3,0,0,0.0,14,40,21,1,0.6363636363636364,0.13636363636363635,0.36363636363636365,0.8181818181818182,0,1.0,1.9896421833612528,Depth Role,-0.9896421833612528,Erik Johnson,Philadelphia Flyers,D
26,33.0,4,-9,15,2,0,0,0,8.0,55,7.63,1,2,33.3,9,85,21,3,0.8064516129032258,0.0967741935483871,0.03225806451612903,0.2903225806451613,0,1.75,2.795518002159714,Depth Role,-1.0455180021597141,Nicolas Deslauriers,Philadelphia Flyers,LW
1,27.0,8,18,14,20,6,1,7,15.6,393,21.32,10,24,29.4,40,49,27,4,2.1358024691358026,1.2592592592592593,0.691358024691358,1.308641975308642,0,12.0,9.445495051677899,Elite,2.5545049483221014,Mitch Marner,Toronto Maple Leafers,RW
2,28.0,8,10,26,33,12,0,8,17.8,467,19.52,76,77,49.7,27,14,27,0,3.0853658536585367,1.024390243902439,0.34146341463414637,0.9634146341463414,0,11.5,8.755852551923844,Elite,2.7441474480761556,William Nylander,Toronto Maple Leafers,C
3,27.0,4,11,20,21,10,2,2,12.6,480,20.47,695,528,56.8,89,45,27,0,3.8955223880597014,1.164179104477612,0.43283582089552236,0.9253731343283582,0,13.25,7.3212286172798615,Elite,5.9287713827201385,Auston Matthews,Toronto Maple Leafers,C
4,34.0,4,10,46,26,12,0,8,19.0,342,18.23,762,546,58.3,45,92,27,0,2.6666666666666665,0.9866666666666667,0.32,0.92,0,4.38,6.657733391238848,Very Good,-2.277733391238848,John Tavares,Toronto Maple Leafers,C
5,22.0,6,7,43,24,5,0,6,19.1,258,18.52,0,1,0.0,41,182,27,3,1.9487179487179487,0.7435897435897436,0.1794871794871795,0.6538461538461539,0,7.75,5.645147197005748,Very Good,2.1048528029942517,Matthew Knies,Toronto Maple Leafers,LW
6,30.0,8,-8,21,6,1,0,2,5.6,303,21.38,0,0,0.0,131,21,27,1,1.5365853658536586,0.5,0.24390243902439024,1.2073170731707317,0,7.5,7.040169883522682,Very Good,0.45983011647731775,Morgan Rielly,Toronto Maple Leafers,D
7,28.0,2,12,27,17,3,0,5,11.8,289,14.5,4,17,19.0,23,136,27,2,2.2837837837837838,0.4594594594594595,0.21621621621621623,0.44594594594594594,0,1.35,2.576693146405703,Depth Role,-1.2266931464057027,Bobby McMann,Toronto Maple Leafers,F
8,29.0,4,5,76,8,0,0,1,8.6,187,14.17,273,271,50.2,30,32,27,3,1.2567567567567568,0.44594594594594594,0.28378378378378377,0.9324324324324325,0,3.75,3.5618006598037457,Depth Role,0.18819934019625428,Max Domi,Toronto Maple Leafers,LW
9,33.0,4,14,52,2,2,0,1,3.4,288,21.07,0,0,0.0,83,108,27,1,1.5324675324675325,0.37662337662337664,0.36363636363636365,1.2337662337662338,0,3.5,4.785207636590183,Solid Role,-1.285207636590183,Oliver Ekman-Larsson,Toronto Maple Leafers,D
10,31.0,5,23,40,2,0,0,0,2.7,170,21.52,0,0,0.0,135,118,27,1,1.121212121212121,0.3484848484848485,0.13636363636363635,1.2575757575757576,0,4.491898,4.776450676725427,Solid Role,-0.2845526767254274,Jake McCabe,Toronto Maple Leafers,D
11,23.0,1,-1,16,13,2,0,3,13.4,232,12.0,3,4,42.9,33,79,27,3,1.6231884057971016,0.3188405797101449,0.2463768115942029,0.37681159420289856,0,1.825,1.2721269884144935,Depth Role,0.5528730115855065,Nicholas Robertson,Toronto Maple Leafers,LW
12,25.0,2,4,27,6,0,1,0,10.3,149,12.67,139,146,48.8,53,46,27,4,1.0,0.27941176470588236,0.1323529411764706,0.38235294117647056,0,1.55,1.7789166245825525,Depth Role,-0.22891662458255246,Pontus Holmberg,Toronto Maple Leafers,RW
13,28.0,3,6,9,7,0,1,5,10.5,140,10.55,12,21,36.4,55,199,27,0,0.95,0.2375,0.15,0.3125,0,1.35,1.9902698891995159,Depth Role,-0.6402698891995158,Steven Lorentz,Toronto Maple Leafers,C
14,35.0,6,31,24,3,0,0,0,7.0,120,19.75,0,0,0.0,189,20,27,1,0.5733333333333334,0.24,0.13333333333333333,1.0666666666666667,0,4.5,5.097582072928437,Depth Role,-0.5975820729284367,Chris Tanev,Toronto Maple Leafers,D
15,30.0,4,-1,14,4,0,1,0,11.1,81,12.4,278,265,51.2,26,50,27,0,0.7627118644067796,0.22033898305084745,0.288135593220339,0.5084745762711864,0,2.4,3.0981187268535937,Depth Role,-0.6981187268535938,David Kampf,Toronto Maple Leafers,C
16,36.0,1,-2,16,5,0,0,1,7.1,130,13.5,6,5,54.5,14,105,27,3,1.8918918918918919,0.35135135135135137,0.13513513513513514,0.7297297297297297,0,1.5,2.368009135032825,Depth Role,-0.8680091350328252,Max Pacioretty,Toronto Maple Leafers,LW
17,26.0,3,12,59,1,0,0,0,2.1,102,16.55,0,0,0.0,111,204,27,1,0.6153846153846154,0.1282051282051282,0.20512820512820512,0.8974358974358975,0,1.35,2.218155658618796,Depth Role,-0.8681556586187957,Simon Benoit,Toronto Maple Leafers,D
18,26.0,2,2,24,2,0,0,0,3.9,132,16.32,0,0,0.0,77,40,27,1,1.0,0.1568627450980392,0.19607843137254902,0.8627450980392157,0,2.2,2.1195702647494823,Depth Role,0.08042973525051789,Conor Timmins,Toronto Maple Leafers,D
20,28.0,2,0,15,2,0,0,0,4.3,121,16.23,0,0,0.0,42,76,27,1,1.2777777777777777,0.1388888888888889,0.3611111111111111,1.25,1,0.85,1.1396606729847005,Depth Role,-0.28966067298470055,Philippe Myers,Toronto Maple Leafers,D
24,25.0,1,-3,5,0,0,0,0,0.0,53,9.97,52,69,43.0,18,80,27,0,0.9032258064516129,0.0967741935483871,0.12903225806451613,0.6129032258064516,0,1.1,0.817389591650159,Depth Role,0.2826104083498411,Connor Dewar,Toronto Maple Leafers,C
25,38.0,3,-2,28,0,0,0,0,0.0,31,7.8,0,1,0.0,8,103,27,4,0.4,0.05714285714285714,0.11428571428571428,0.2857142857142857,0,1.35,2.0406393014696,Depth Role,-0.6906393014696,Ryan Reaves,Toronto Maple Leafers,RW
1,31.0,8,22,45,29,8,0,9,14.0,550,21.18,1,1,50.0,33,23,26,4,3.3974358974358974,1.5512820512820513,0.38461538461538464,1.564102564102564,0,9.5,10.795347025586516,Elite,-1.2953470255865156,Nikita Kucherov,Tampa Bay Lightning,RW
2,26.0,8,33,58,32,0,3,4,15.4,444,20.75,8,15,34.8,60,59,26,3,2.7804878048780486,1.0975609756097562,0.36585365853658536,1.170731707317073,0,6.5,8.150963206561915,Elite,-1.650963206561915,Brandon Hagel,Tampa Bay Lightning,LW
3,28.0,8,17,7,26,16,0,7,22.2,355,19.48,430,456,48.5,45,26,26,0,2.4545454545454546,1.0649350649350648,0.22077922077922077,0.5844155844155844,0,9.5,9.227058044134484,Elite,0.27294195586551595,Brayden Point,Tampa Bay Lightning,C
4,30.0,7,18,24,23,17,1,5,18.9,355,20.0,177,207,46.1,52,28,26,0,2.7125,1.0,0.3125,0.9875,0,9.0,8.706855644347524,Elite,0.2931443556524762,Jake Guentzel,Tampa Bay Lightning,C
5,34.0,4,18,30,11,4,0,1,8.3,475,23.08,0,0,0.0,133,39,26,1,2.2911392405063293,0.8354430379746836,0.31645569620253167,1.5063291139240507,0,8.0,6.7610198906297345,Elite,1.2389801093702655,Victor Hedman,Tampa Bay Lightning,D
6,27.0,8,30,28,20,3,4,2,16.9,291,18.68,647,645,50.1,72,25,26,0,2.0,0.7375,0.2625,0.825,0,6.25,7.466243330185824,Very Good,-1.216243330185824,Anthony Cirelli,Tampa Bay Lightning,C
7,29.0,7,13,30,20,2,0,3,15.6,255,16.45,393,393,50.0,31,66,26,3,1.855263157894737,0.5394736842105263,0.25,0.631578947368421,0,3.15,5.94798266602066,Solid Role,-2.7979826660206597,Nick Paul,Tampa Bay Lightning,LW
8,28.0,2,9,14,4,2,0,0,5.6,282,17.3,0,0,0.0,68,38,26,1,1.4794520547945205,0.5068493150684932,0.136986301369863,0.7534246575342466,0,0.975,3.3396787695104666,Very Good,-2.3646787695104665,Darren Raddysh,Tampa Bay Lightning,D
9,35.0,7,43,22,3,0,1,2,5.1,195,20.37,0,0,0.0,152,23,26,1,0.9512195121951219,0.3780487804878049,0.2926829268292683,1.4024390243902438,0,6.75,6.176201737987131,Solid Role,0.5737982620128692,Ryan McDonagh,Tampa Bay Lightning,D
10,27.0,8,29,50,3,0,0,0,4.7,183,18.27,0,0,0.0,99,157,26,1,0.8421052631578947,0.27631578947368424,0.2631578947368421,0.5394736842105263,0,5.2,5.5127859785876865,Depth Role,-0.3127859785876863,Erik Cernak,Tampa Bay Lightning,D
11,24.0,2,7,14,7,1,0,1,13.1,114,12.8,3,3,50.0,20,71,26,0,1.0166666666666666,0.3333333333333333,0.3,0.5833333333333334,0,1.2,1.8560798153616243,Depth Role,-0.6560798153616243,Gage Goncalves,Tampa Bay Lightning,C
12,23.0,2,-1,105,1,0,0,1,2.2,163,15.28,0,0,0.0,61,114,26,1,0.6052631578947368,0.25,0.15789473684210525,0.7368421052631579,1,0.8,0.25551338632476917,Depth Role,0.5444866136752309,Emil Martinsen Lilleberg,Tampa Bay Lightning,D
13,26.0,2,8,20,6,0,0,1,9.1,190,14.68,0,0,0.0,67,50,26,1,0.8918918918918919,0.25675675675675674,0.28378378378378377,0.8378378378378378,0,2.75,2.087990804487554,Depth Role,0.6620091955124461,Nicklaus Perbix,Tampa Bay Lightning,D
14,27.0,2,-3,21,8,4,0,2,17.6,121,12.03,4,7,36.4,21,133,26,2,1.0303030303030303,0.2727272727272727,0.15151515151515152,0.4393939393939394,1,0.8,0.858069387673762,Depth Role,-0.05806938767376191,Mitchell Chaffee,Tampa Bay Lightning,F
15,24.0,2,20,22,1,0,1,0,4.2,146,18.85,0,0,0.0,70,34,26,1,0.8888888888888888,0.25925925925925924,0.42592592592592593,0.8333333333333334,0,3.375,2.5313167125166025,Depth Role,0.8436832874833975,J.J. Moser,Tampa Bay Lightning,D
16,20.0,3,-4,16,7,1,0,3,13.3,125,12.33,73,99,42.4,25,97,26,0,1.1538461538461537,0.2692307692307692,0.15384615384615385,0.5576923076923077,1,0.886667,1.0375535350731102,Depth Role,-0.15088653507311023,Conor Geekie,Tampa Bay Lightning,C
17,33.0,6,4,16,1,0,0,1,2.9,67,17.0,76,86,46.9,10,50,26,0,1.6666666666666667,0.6666666666666666,0.23809523809523808,0.7142857142857143,0,2.333333,6.266777199778721,Solid Role,-3.933444199778721,Yanni Gourde,Tampa Bay Lightning,C
18,28.0,2,0,44,5,0,0,1,5.1,175,10.68,1,7,12.5,19,82,26,0,1.719298245614035,0.17543859649122806,0.10526315789473684,0.38596491228070173,0,1.45,1.5722704817766315,Depth Role,-0.12227048177663158,Michael Eyssimont,Tampa Bay Lightning,C
20,35.0,1,-4,11,3,1,0,0,8.5,68,9.0,1,2,33.3,10,15,26,4,1.205128205128205,0.23076923076923078,0.07692307692307693,0.3076923076923077,1,0.9,0.28010950065329254,Depth Role,0.6198904993467075,Cam Atkinson,Tampa Bay Lightning,RW
21,35.0,2,-9,10,3,0,1,0,7.8,97,10.78,502,379,57.0,58,105,26,0,0.6623376623376623,0.09090909090909091,0.07792207792207792,0.24675324675324675,1,0.8,0.6964431276378491,Depth Role,0.10355687236215094,Luke Glendening,Tampa Bay Lightning,C
22,31.0,3,-7,47,2,0,0,1,2.4,157,11.67,61,68,47.3,50,174,26,0,1.0121951219512195,0.07317073170731707,0.12195121951219512,0.36585365853658536,1,0.85,0.9787578591728372,Depth Role,-0.12875785917283722,Zemgus Girgensons,Tampa Bay Lightning,C
1,29.0,8,6,27,21,13,5,4,18.3,424,20.5,212,302,41.2,62,103,11,0,2.6962025316455698,1.0253164556962024,0.3037974683544304,0.9367088607594937,0,8.625,9.12794327772037,Elite,-0.5029432777203695,Sam Reinhart,Florida Panthers,C
2,29.0,8,1,16,10,9,1,4,13.4,302,20.25,580,446,56.5,54,87,11,0,2.2238805970149254,1.0597014925373134,0.5074626865671642,0.7761194029850746,0,10.0,9.009870080242917,Elite,0.9901299197570825,Aleksander Barkov,Florida Panthers,C
3,27.0,8,-3,54,11,11,0,2,14.1,316,18.23,1,4,20.0,12,84,11,3,3.0,1.0961538461538463,0.19230769230769232,0.9038461538461539,0,9.5,8.820903295448215,Elite,0.6790967045517853,Matthew Tkachuk,Florida Panthers,LW
4,29.0,8,-14,46,15,5,0,5,8.3,481,17.87,16,28,36.4,28,95,11,0,2.9753086419753085,0.654320987654321,0.2839506172839506,1.0,0,7.0,7.4658987475220275,Solid Role,-0.46589874752202753,Carter Verhaeghe,Florida Panthers,C
5,28.0,8,-15,90,18,7,0,4,10.4,422,17.45,450,523,46.2,45,145,11,0,3.1710526315789473,0.6710526315789473,0.35526315789473684,0.75,0,8.0,7.2249427746450205,Solid Role,0.7750572253549795,Sam Bennett,Florida Panthers,C
6,23.0,6,17,36,13,2,2,1,10.8,317,16.72,542,481,53.0,54,110,11,0,2.0,0.569620253164557,0.34177215189873417,0.759493670886076,0,5.0,5.363098040201974,Solid Role,-0.3630980402019741,Anton Lundell,Florida Panthers,C
7,28.0,8,11,53,3,0,0,2,2.8,291,23.52,0,0,0.0,64,90,11,1,1.8928571428571428,0.5892857142857143,0.4107142857142857,1.0178571428571428,0,6.1,7.390638383121359,Very Good,-1.290638383121359,Aaron Ekblad,Florida Panthers,D
8,31.0,4,-4,38,11,4,0,1,9.3,331,15.22,127,155,45.0,23,128,11,0,1.9634146341463414,0.3902439024390244,0.25609756097560976,0.7560975609756098,0,3.0,4.122200766873216,Depth Role,-1.122200766873216,Evan Rodrigues,Florida Panthers,C
9,22.0,1,-4,12,11,4,0,5,11.6,277,13.32,0,1,0.0,32,134,11,4,1.7916666666666667,0.4305555555555556,0.125,0.6388888888888888,1,0.775,0.6019263501214489,Depth Role,0.17307364987855112,Mackie Samoskevich,Florida Panthers,RW
10,28.0,8,33,16,10,0,1,1,5.6,421,22.95,0,0,0.0,89,83,11,1,2.4375,0.3875,0.4625,0.9,0,5.75,7.17702466180396,Solid Role,-1.4270246618039604,Gustav Forsling,Florida Panthers,D
11,26.0,3,12,28,8,0,1,3,10.3,185,15.28,33,40,45.2,60,183,11,0,1.0875,0.3,0.25,0.5375,0,3.0,2.588030601883573,Depth Role,0.41196939811642697,Eetu Luostarinen,Florida Panthers,C
12,26.0,2,-4,14,11,0,1,3,13.8,167,13.25,71,97,42.3,27,191,11,0,1.1153846153846154,0.2948717948717949,0.23076923076923078,0.4230769230769231,0,1.5,1.8437847861979793,Depth Role,-0.34378478619797925,Jesper Boqvist,Florida Panthers,C
13,28.0,3,12,70,6,0,0,0,5.2,264,20.2,0,0,0.0,88,137,11,1,1.5263157894736843,0.2894736842105263,0.19736842105263158,1.3026315789473684,0,2.5,3.510727476729352,Depth Role,-1.0107274767293521,Niko Mikkola,Florida Panthers,D
14,33.0,3,4,30,5,0,0,0,7.1,207,16.53,0,0,0.0,71,82,11,1,0.875,0.2375,0.35,1.1,0,3.5,3.2282904728689257,Depth Role,0.2717095271310743,Nate Schmidt,Florida Panthers,D
15,28.0,2,-7,27,4,0,0,0,4.3,198,14.85,0,2,0.0,55,83,11,1,1.2105263157894737,0.23684210526315788,0.3026315789473684,0.6447368421052632,1,0.85,0.8573159902992558,Depth Role,-0.007315990299255781,Uvis Balinskis,Florida Panthers,D
16,28.0,2,4,130,5,0,1,3,7.0,162,9.6,16,31,34.0,30,222,11,3,1.0617283950617284,0.20987654320987653,0.09876543209876543,0.5308641975308642,1,0.85,-0.11753244871872681,Depth Role,0.9675324487187268,A.J. Greer,Florida Panthers,LW
17,34.0,4,12,38,4,0,0,0,6.3,173,19.27,0,0,0.0,71,114,11,1,0.9142857142857143,0.18571428571428572,0.45714285714285713,1.1142857142857143,0,1.15,4.074842104904466,Depth Role,-2.924842104904466,Dmitry Kulikov,Florida Panthers,D
18,30.0,8,-6,4,2,0,0,0,4.2,109,24.92,0,0,0.0,26,34,11,1,2.2857142857142856,0.42857142857142855,0.38095238095238093,1.2380952380952381,0,9.5,7.714606260636477,Solid Role,1.7853937393635233,Seth Jones,Florida Panthers,D
19,32.0,1,4,10,0,1,0,0,2.1,114,9.82,236,220,51.8,24,83,11,0,0.7966101694915254,0.15254237288135594,0.0847457627118644,0.3389830508474576,1,0.775,-0.03079804501161032,Depth Role,0.8057980450116103,Tomas Nosek,Florida Panthers,C
22,26.0,2,-7,60,4,0,0,2,9.3,89,8.45,3,2,60.0,21,127,11,3,1.0238095238095237,0.09523809523809523,0.047619047619047616,0.09523809523809523,1,0.775,-0.25575080500783987,Depth Role,1.0307508050078398,Jonah Gadjovich,Florida Panthers,LW
1,23.0,8,0,46,19,5,0,2,14.8,326,19.82,195,213,47.8,45,130,20,3,1.975609756097561,0.9634146341463414,0.2804878048780488,0.8414634146341463,0,8.35,7.755426352101752,Very Good,0.5945736478982475,Tim Stutzle,Ottawa Senators,LW
2,26.0,6,-9,30,13,13,0,3,13.5,354,18.15,12,12,50.0,30,149,20,0,2.341463414634146,0.8292682926829268,0.2804878048780488,0.6341463414634146,0,4.975,6.863056818292241,Very Good,-1.8880568182922417,Drake Batherson,Ottawa Senators,C
3,22.0,8,-14,12,6,5,0,4,5.6,421,24.45,0,0,0.0,163,38,20,1,2.4375,0.7125,0.6625,1.225,0,8.05,7.913196053761426,Very Good,0.13680394623857506,Jake Sanderson,Ottawa Senators,D
4,25.0,7,0,123,15,14,0,5,9.8,506,18.23,178,169,51.3,33,228,20,3,4.111111111111111,0.7638888888888888,0.2638888888888889,0.6666666666666666,0,8.205714,7.435730569687974,Very Good,0.7699834303120268,Brady Tkachuk,Ottawa Senators,LW
5,37.0,1,-8,18,11,4,0,3,10.9,237,18.2,600,376,61.5,41,64,20,0,1.7037037037037037,0.6172839506172839,0.2345679012345679,0.8148148148148148,0,2.0,3.643586461710443,Solid Role,-1.6435864617104432,Claude Giroux,Ottawa Senators,C
6,28.0,8,17,24,8,1,0,1,5.0,447,23.02,0,0,0.0,145,58,20,1,2.2375,0.5625,0.3875,1.2375,0,8.0,7.600643321266896,Very Good,0.39935667873310443,Thomas Chabot,Ottawa Senators,D
7,24.0,2,10,26,17,1,3,5,16.5,268,17.55,444,442,50.1,56,73,20,0,1.8142857142857143,0.5285714285714286,0.38571428571428573,0.6285714285714286,0,3.75,3.035176889398838,Solid Role,0.714823110601162,Shane Pinto,Ottawa Senators,C
8,22.0,4,-11,60,8,3,2,2,10.9,235,17.08,208,172,54.7,47,138,20,0,1.5256410256410255,0.4358974358974359,0.2564102564102564,0.44871794871794873,0,3.25,3.708479313063525,Depth Role,-0.45847931306352496,Ridly Greig,Ottawa Senators,C
9,25.0,8,-5,34,11,6,3,5,21.3,173,18.33,386,331,53.8,45,133,20,0,1.7735849056603774,0.6226415094339622,0.24528301886792453,0.5849056603773585,0,7.95,7.235655855613606,Solid Role,0.714344144386394,Joshua Norris,Ottawa Senators,C
10,28.0,3,12,18,10,1,0,2,12.9,165,14.1,49,47,51.0,44,108,20,0,1.1805555555555556,0.375,0.3333333333333333,0.5,0,2.6,2.7890224547002993,Depth Role,-0.18902245470029921,Michael Amadio,Ottawa Senators,C
11,28.0,2,12,12,16,3,0,4,21.1,191,10.42,176,174,50.3,28,68,20,0,1.1111111111111112,0.32098765432098764,0.09876543209876543,0.4691358024691358,0,2.0,2.0176470151627046,Depth Role,-0.017647015162704616,Adam Gaudette,Ottawa Senators,C
12,34.0,3,18,6,3,0,0,0,3.9,207,20.22,0,0,0.0,95,55,20,1,1.0845070422535212,0.29577464788732394,0.2676056338028169,1.1408450704225352,0,4.05,3.8701080215448838,Depth Role,0.17989197845511606,Nick Jensen,Ottawa Senators,D
13,23.0,7,-4,6,2,3,0,1,10.2,79,16.62,134,130,50.8,8,57,20,0,2.3333333333333335,0.7619047619047619,0.09523809523809523,0.5714285714285714,0,7.1,6.707882351253923,Very Good,0.39211764874607624,Dylan Cozens,Ottawa Senators,C
14,36.0,2,-7,12,5,4,0,2,12.7,135,14.02,6,13,31.6,9,72,20,3,1.6511627906976745,0.37209302325581395,0.3023255813953488,0.5813953488372093,0,4.0,3.235263902747773,Depth Role,0.7647360972522268,David Perron,Ottawa Senators,LW
15,31.0,1,-1,41,6,0,0,0,8.8,124,11.9,1,6,14.3,26,85,20,0,1.36,0.3,0.1,0.46,1,0.825,0.13415394092973143,Depth Role,0.6908460590702685,Nick Cousins,Ottawa Senators,C
16,29.0,4,3,34,2,0,0,1,3.5,136,20.63,0,0,0.0,118,58,20,1,1.0178571428571428,0.23214285714285715,0.3392857142857143,0.8928571428571429,0,4.6,3.872424781458957,Depth Role,0.7275752185410425,Artem Zub,Ottawa Senators,D
17,23.0,2,-11,27,4,0,0,1,5.1,189,14.47,0,0,0.0,97,105,20,1,0.9873417721518988,0.12658227848101267,0.379746835443038,0.810126582278481,0,1.6,1.5705716065579565,Depth Role,0.02942839344204362,Tyler Kleven,Ottawa Senators,D
18,34.0,1,-16,19,1,0,0,0,1.4,191,17.07,0,0,0.0,92,73,20,1,1.2203389830508475,0.11864406779661017,0.288135593220339,1.0508474576271187,0,1.0,2.060679070259831,Depth Role,-1.0606790702598312,Travis Hamonic,Ottawa Senators,D
19,26.0,1,-12,17,3,0,1,2,8.7,115,11.35,3,3,50.0,25,76,20,0,1.15,0.15,0.125,0.35,1,0.85,-0.20738294952028724,Depth Role,1.0573829495202873,Noah Gregor,Ottawa Senators,C
20,28.0,1,-5,10,2,0,0,1,6.1,66,11.17,5,14,26.3,19,50,20,3,0.8048780487804879,0.14634146341463414,0.0975609756097561,0.5609756097560976,1,0.775,-0.14574052248613256,Depth Role,0.9207405224861326,Matthew Highmore,Ottawa Senators,LW
22,26.0,2,-2,20,1,0,0,0,2.3,94,12.62,0,0,0.0,29,25,20,1,1.048780487804878,0.0975609756097561,0.1951219512195122,0.7560975609756098,1,0.875,0.41003277715296615,Depth Role,0.46496722284703385,Nikolas Matinpalo,Ottawa Senators,D
23,24.0,1,2,4,1,0,0,0,5.6,55,13.1,0,0,0.0,25,21,20,1,0.72,0.16,0.04,0.36,1,0.875,0.02221707217853952,Depth Role,0.8527829278214605,Jacob Bernard-Docker,Ottawa Senators,D
24,21.0,3,-7,26,1,0,0,0,5.0,43,9.33,85,88,49.1,11,86,20,0,0.46511627906976744,0.09302325581395349,0.16279069767441862,0.3023255813953488,1,0.825,0.2877121924741681,Depth Role,0.5372878075258318,Zack Ostapchuk,Ottawa Senators,C
25,28.0,3,0,21,2,0,0,0,7.7,47,7.77,6,8,42.9,7,49,20,0,1.2380952380952381,0.14285714285714285,0.14285714285714285,0.3333333333333333,1,0.775,0.7340846241772043,Depth Role,0.040915375822795697,Zack MacEwen,Ottawa Senators,C
1,25.0,8,19,8,24,4,2,9,17.4,347,20.07,680,638,51.6,70,63,15,0,2.097560975609756,1.0853658536585367,0.3780487804878049,1.048780487804878,0,7.875,8.449960603266046,Elite,-0.5749606032660459,Nick Suzuki,Montreal Canadiens,C
2,24.0,8,9,14,27,10,0,8,15.5,431,18.08,6,9,40.0,31,66,15,4,2.9146341463414633,0.8536585365853658,0.2804878048780488,0.6829268292682927,0,7.85,7.749518227684899,Very Good,0.10048177231510103,Cole Caufield,Montreal Canadiens,RW
3,20.0,3,-2,34,5,1,0,0,6.6,297,22.73,0,0,0.0,123,40,15,1,1.1097560975609757,0.8048780487804879,0.6829268292682927,1.329268292682927,1,0.95,3.2806785272981847,Elite,-2.3306785272981845,Lane Hutson,Montreal Canadiens,D
4,20.0,8,4,45,13,5,0,1,13.5,286,17.35,5,14,26.3,62,194,15,3,1.6835443037974684,0.6455696202531646,0.20253164556962025,0.8987341772151899,0,7.6,6.461261929694538,Solid Role,1.138738070305462,Juraj Slafkovsky,Montreal Canadiens,LW
5,32.0,6,-6,39,16,5,0,1,14.2,303,13.92,0,6,0.0,38,92,15,4,1.8048780487804879,0.4634146341463415,0.1951219512195122,0.7560975609756098,0,6.5,5.052892029191936,Depth Role,1.447107970808064,Brendan Gallagher,Montreal Canadiens,RW
6,28.0,4,1,10,10,0,3,5,16.3,172,15.55,593,529,52.9,60,124,15,0,0.975609756097561,0.43902439024390244,0.18292682926829268,0.7560975609756098,0,2.85,3.7992135639562075,Depth Role,-0.9492135639562074,Jake Evans,Montreal Canadiens,C
7,26.0,4,-14,14,5,15,0,5,17.2,215,14.3,11,14,44.0,28,26,15,4,2.230769230769231,0.6346153846153846,0.25,0.7307692307692307,0,8.7,5.245331334244343,Solid Role,3.4546686657556567,Patrik Laine,Montreal Canadiens,RW
8,28.0,1,-5,16,11,1,0,0,11.5,221,15.25,591,469,55.8,74,44,15,0,1.2682926829268293,0.4024390243902439,0.21951219512195122,0.8048780487804879,0,5.4,2.07735468521922,Depth Role,3.32264531478078,Christian Dvorak,Montreal Canadiens,C
9,30.0,8,-6,51,5,1,0,1,4.0,366,25.08,0,0,0.0,168,60,15,1,1.8625,0.3875,0.5375,1.3375,0,4.875,7.286429461331261,Solid Role,-2.4114294613312612,Mike Matheson,Montreal Canadiens,D
10,31.0,2,-2,16,8,0,3,1,10.6,232,14.3,3,11,21.4,35,87,15,4,1.2839506172839505,0.35802469135802467,0.2345679012345679,0.5925925925925926,0,2.5,2.592064029104186,Depth Role,-0.09206402910418587,Joel Armia,Montreal Canadiens,RW
11,30.0,7,-2,90,14,0,1,1,13.8,210,14.32,29,20,59.2,39,176,15,4,1.345679012345679,0.3333333333333333,0.20987654320987653,0.4444444444444444,0,5.5,4.857031818092316,Depth Role,0.6429681819076842,Josh Anderson,Montreal Canadiens,RW
12,24.0,4,-21,24,14,1,0,3,12.7,264,15.13,239,319,42.8,32,89,15,0,1.4390243902439024,0.3170731707317073,0.18292682926829268,0.4634146341463415,0,2.9,3.423081239849176,Depth Role,-0.523081239849176,Alex Newhook,Montreal Canadiens,C
13,24.0,4,-29,40,9,1,0,2,11.9,155,15.67,96,142,40.3,36,100,15,0,1.4736842105263157,0.38596491228070173,0.17543859649122806,0.6842105263157895,0,3.3625,3.5230378765763906,Depth Role,-0.16053787657639074,Kirby Dach,Montreal Canadiens,C
14,23.0,2,-6,20,7,3,0,0,15.6,162,11.4,1,6,14.3,24,173,15,3,1.032258064516129,0.2903225806451613,0.12903225806451613,0.532258064516129,0,1.1,1.918823491831992,Depth Role,-0.8188234918319919,Emil Heineman,Montreal Canadiens,LW
15,28.0,3,4,28,2,0,0,0,3.4,125,20.83,0,0,0.0,120,44,15,1,1.1568627450980393,0.35294117647058826,0.17647058823529413,0.7450980392156863,0,3.75,3.553384436538958,Solid Role,0.1966155634610418,Alexandre Carrier,Montreal Canadiens,D
16,23.0,6,6,47,6,0,0,1,8.5,171,21.18,0,0,0.0,124,104,15,1,1.290909090909091,0.32727272727272727,0.2545454545454545,0.8545454545454545,0,5.55,5.064245415215764,Solid Role,0.48575458478423617,Kaiden Guhle,Montreal Canadiens,D
17,34.0,4,-8,36,1,0,0,0,2.1,113,16.58,0,0,0.0,180,56,15,1,0.64,0.2,0.24,0.68,0,3.5,3.3130531587581626,Depth Role,0.18694684124183736,David Savard,Montreal Canadiens,D
18,23.0,2,2,52,2,0,0,0,4.3,136,14.95,0,0,0.0,54,124,15,1,0.8392857142857143,0.23214285714285715,0.4107142857142857,0.9107142857142857,0,1.4125,1.913999857517564,Depth Role,-0.501499857517564,Jayden Struble,Montreal Canadiens,D
19,24.0,2,-13,118,1,0,0,0,1.4,175,14.62,0,0,0.0,63,180,15,1,0.9857142857142858,0.08571428571428572,0.22857142857142856,0.8428571428571429,0,1.3,1.3650129465841485,Depth Role,-0.06501294658414847,Arber Xhekaj,Montreal Canadiens,D
29,26.0,2,-2,24,0,0,0,0,0.0,31,5.93,2,6,25.0,7,73,15,0,0.56,0.0,0.08,0.36,1,0.8125,-0.5567786175481615,Depth Role,1.3692786175481615,Michael Pezzetta,Montreal Canadiens,C
1,22.0,8,-15,18,18,8,1,5,14.1,382,18.78,1,7,12.5,34,42,9,3,2.341463414634146,0.975609756097561,0.34146341463414637,0.975609756097561,0,8.075,8.017911681532166,Very Good,0.05708831846783369,Lucas Raymond,Detroit Red Wings,LW
2,27.0,4,-13,29,26,13,0,4,16.0,456,17.87,26,32,44.8,38,33,9,4,2.975609756097561,0.8536585365853658,0.35365853658536583,0.8658536585365854,0,7.875,5.8690241558332605,Very Good,2.0059758441667395,Alex DeBrincat,Detroit Red Wings,RW
3,28.0,8,-16,40,17,13,0,3,12.8,456,20.07,871,728,54.5,33,44,9,0,2.8536585365853657,0.8536585365853658,0.47560975609756095,1.146341463414634,0,8.7,8.94461964376705,Very Good,-0.24461964376705048,Dylan Larkin,Detroit Red Wings,C
4,36.0,1,-16,12,9,12,0,6,12.0,334,17.98,5,8,38.5,23,19,9,4,2.4305555555555554,0.8194444444444444,0.18055555555555555,1.0694444444444444,0,3.0,4.9084493127127775,Very Good,-1.9084493127127775,Patrick Kane,Detroit Red Wings,RW
5,23.0,7,-5,40,4,4,0,0,4.9,368,25.07,0,0,0.0,181,212,9,1,1.975609756097561,0.5609756097560976,0.36585365853658536,1.0365853658536586,0,8.55,6.766662064292648,Very Good,1.7833379357073529,Moritz Seider,Detroit Red Wings,D
6,20.0,3,1,34,17,2,0,3,13.1,253,15.45,281,345,44.9,48,156,9,0,1.8831168831168832,0.4805194805194805,0.11688311688311688,0.6103896103896104,1,0.886667,1.4547411127286196,Depth Role,-0.5680741127286196,Marco Kasper,Detroit Red Wings,C
7,33.0,2,-13,6,10,1,0,1,8.3,281,14.78,0,2,0.0,35,63,9,4,1.6625,0.4125,0.2,0.7625,0,4.75,2.8220447079978905,Depth Role,1.9279552920021095,Vladimir Tarasenko,Detroit Red Wings,RW
8,29.0,5,-7,24,6,5,0,3,11.2,167,16.68,457,556,45.1,64,29,9,3,1.2894736842105263,0.42105263157894735,0.2236842105263158,0.6447368421052632,0,5.1,4.765290957506775,Depth Role,0.3347090424932251,J.T. Compher,Detroit Red Wings,LW
9,21.0,3,12,67,7,0,0,3,8.1,215,21.12,0,0,0.0,144,86,9,1,1.1025641025641026,0.3974358974358974,0.3333333333333333,1.1666666666666667,1,0.894167,1.822772918507726,Solid Role,-0.9286059185077259,Simon Edvinsson,Detroit Red Wings,D
10,24.0,1,-13,14,9,3,0,1,13.6,183,12.98,5,12,29.4,16,41,9,4,1.1733333333333333,0.32,0.14666666666666667,0.41333333333333333,0,1.825,1.4676374739327116,Depth Role,0.35736252606728836,Jonatan Berggren,Detroit Red Wings,RW
11,30.0,5,4,8,9,0,1,2,14.7,119,14.7,318,309,50.7,35,9,9,0,1.2142857142857142,0.4107142857142857,0.32142857142857145,0.6607142857142857,0,5.625,4.340193854079136,Depth Role,1.2848061459208644,Andrew Copp,Detroit Red Wings,C
12,25.0,4,-12,24,9,2,0,1,11.1,191,13.42,91,105,46.4,59,141,9,0,1.2857142857142858,0.2727272727272727,0.12987012987012986,0.5454545454545454,0,3.2,2.997403115002634,Depth Role,0.20259688499736628,Michael Rasmussen,Detroit Red Wings,C
13,32.0,2,-19,20,1,1,0,0,3.0,188,16.32,0,0,0.0,44,28,9,1,1.1166666666666667,0.3,0.16666666666666666,1.25,0,2.0,2.9120098830950663,Solid Role,-0.9120098830950663,Erik Gustafsson,Detroit Red Wings,D
14,33.0,4,-14,69,4,0,0,0,3.7,261,21.23,0,0,0.0,142,127,9,1,1.345679012345679,0.16049382716049382,0.32098765432098764,1.0617283950617284,0,4.75,3.9291819560700207,Depth Role,0.8208180439299793,Ben Chiarot,Detroit Red Wings,D
15,23.0,2,2,6,4,0,0,1,10.5,84,13.37,4,11,26.7,12,43,9,4,1.4615384615384615,0.4230769230769231,0.19230769230769232,0.8076923076923077,0,1.125,2.411093721125602,Depth Role,-1.286093721125602,Elmer Soderblom,Detroit Red Wings,RW
16,25.0,1,-14,13,5,0,0,0,10.0,103,11.95,136,152,47.2,32,93,9,0,0.8928571428571429,0.17857142857142858,0.17857142857142858,0.625,1,0.9,-0.30556371653308023,Depth Role,1.2055637165330801,Joe Veleno,Detroit Red Wings,C
17,29.0,1,-11,6,4,0,0,0,6.1,134,11.32,60,85,41.4,48,72,9,0,1.2,0.16363636363636364,0.2909090909090909,0.5636363636363636,1,0.8,-0.2087585182715399,Depth Role,1.00875851827154,Tyler Motte,Detroit Red Wings,C
18,24.0,2,-11,30,3,0,0,2,6.3,130,16.37,0,0,0.0,83,70,9,1,0.7868852459016393,0.14754098360655737,0.2459016393442623,0.8852459016393442,0,1.125,1.932494813177761,Depth Role,-0.8074948131777611,Albert Johansson,Detroit Red Wings,D
19,33.0,3,-7,16,2,0,0,0,4.9,107,14.8,0,0,0.0,78,35,9,1,0.5616438356164384,0.1095890410958904,0.1095890410958904,0.9041095890410958,0,3.4,2.721396627490562,Depth Role,0.6786033725094378,Justin Holl,Detroit Red Wings,D
20,37.0,1,-2,16,1,0,0,1,3.0,107,18.9,0,0,0.0,77,51,9,1,0.75,0.18181818181818182,0.36363636363636365,1.1590909090909092,1,0.775,1.3216535218509256,Depth Role,-0.5466535218509255,Jeff Petry,Detroit Red Wings,D
21,27.0,1,-5,11,1,0,0,0,3.2,65,11.15,9,7,56.3,19,89,9,4,0.6888888888888889,0.15555555555555556,0.08888888888888889,0.3111111111111111,0,1.125,1.070454155199425,Depth Role,0.054545844800574894,Christian Fischer,Detroit Red Wings,RW
1,27.0,7,-2,35,37,7,0,6,18.2,506,18.75,301,403,42.8,31,70,2,0,3.1842105263157894,0.9473684210526315,0.27631578947368424,0.7105263157894737,0,7.142857,7.352064398720667,Very Good,-0.2092073987206664,Tage Thompson,Buffalo Sabres,C
2,24.0,8,11,54,12,5,0,1,8.5,433,24.23,0,0,0.0,98,101,2,1,2.73972602739726,0.9315068493150684,0.5342465753424658,1.4383561643835616,0,11.0,8.509007155490853,Elite,2.4909928445091474,Rasmus Dahlin,Buffalo Sabres,D
3,23.0,5,-1,34,21,6,0,3,15.6,384,18.18,2,10,16.7,16,30,2,4,2.2467532467532467,0.8831168831168831,0.2857142857142857,1.12987012987013,0,7.7,6.033179950946668,Very Good,1.6668200490533325,JJ Peterka,Buffalo Sabres,RW
4,28.0,7,16,47,27,3,6,4,18.4,391,19.25,77,111,41.0,113,73,2,4,2.3902439024390243,0.8170731707317073,0.5975609756097561,0.926829268292683,0,4.75,6.869702900268365,Very Good,-2.119702900268365,Alex Tuch,Buffalo Sabres,RW
5,33.0,2,4,57,10,11,0,4,14.7,279,16.0,42,64,39.6,22,68,2,3,1.9589041095890412,0.726027397260274,0.273972602739726,1.0,0,4.75,4.4560930251742485,Very Good,0.29390697482575145,Jason Zucker,Buffalo Sabres,LW
6,25.0,4,13,16,17,0,3,2,20.6,199,16.83,630,574,52.3,35,17,2,0,1.2278481012658229,0.6708860759493671,0.3291139240506329,0.8860759493670886,0,5.0,4.513332232209386,Solid Role,0.48666776779061394,Ryan McLeod,Buffalo Sabres,C
7,22.0,7,-13,16,6,1,0,0,5.0,299,21.32,0,0,0.0,109,26,2,1,1.759493670886076,0.5063291139240507,0.3291139240506329,0.9240506329113924,0,8.35,6.039158808056007,Very Good,2.310841191943993,Owen Power,Buffalo Sabres,D
8,23.0,2,-18,18,12,3,0,3,12.2,277,14.87,1,6,14.3,23,39,2,4,1.662162162162162,0.527027027027027,0.16216216216216217,0.7027027027027027,0,3.375,2.8592134176397193,Solid Role,0.5157865823602807,Jack Quinn,Buffalo Sabres,RW
9,23.0,2,11,46,7,0,0,2,7.4,209,22.7,0,0,0.0,116,75,2,1,1.146341463414634,0.4634146341463415,0.18292682926829268,1.024390243902439,0,6.25,3.108688554373677,Solid Role,3.141311445626323,Bowen Byram,Buffalo Sabres,D
10,23.0,7,-13,62,9,2,0,1,7.9,253,17.22,453,443,50.6,37,148,2,0,2.278688524590164,0.5081967213114754,0.21311475409836064,0.9180327868852459,0,7.1,5.832921145096174,Solid Role,1.2670788549038257,Dylan Cozens,Buffalo Sabres,C
11,19.0,3,-2,60,7,3,0,0,8.3,212,14.82,4,17,19.0,29,35,2,3,1.6,0.37333333333333335,0.25333333333333335,0.5466666666666666,1,0.95,1.3202581471660157,Depth Role,-0.3702581471660158,Zach Benson,Buffalo Sabres,LW
12,24.0,2,1,60,8,1,1,0,12.5,199,13.93,326,339,49.0,32,136,2,0,0.9876543209876543,0.345679012345679,0.12345679012345678,0.5679012345679012,0,1.45,2.1674543029798525,Depth Role,-0.7174543029798526,Peyton Krebs,Buffalo Sabres,C
13,20.0,3,-4,18,15,0,0,3,11.2,262,14.8,254,304,45.5,36,40,2,0,2.161290322580645,0.3870967741935484,0.24193548387096775,0.532258064516129,1,0.886667,1.5182855257748264,Depth Role,-0.6316185257748265,Jiri Kulich,Buffalo Sabres,C
14,29.0,3,-6,45,1,0,0,0,1.6,179,16.05,0,0,0.0,116,208,2,1,0.863013698630137,0.2191780821917808,0.3561643835616438,0.9178082191780822,0,3.333333,2.5558643442687954,Depth Role,0.7774686557312047,Connor Clifton,Buffalo Sabres,D
15,24.0,7,3,22,4,0,0,1,7.7,106,19.3,0,0,0.0,93,105,2,1,0.8387096774193549,0.22580645161290322,0.1774193548387097,0.8870967741935484,0,4.285714,5.074620754981688,Depth Role,-0.7889067549816886,Mattias Samuelsson,Buffalo Sabres,D
16,26.0,2,-16,29,4,0,0,0,6.0,133,10.53,19,15,55.9,63,191,2,3,0.881578947368421,0.13157894736842105,0.13157894736842105,0.5131578947368421,0,1.35,1.109401292303863,Depth Role,0.24059870769613712,Beck Malenstyn,Buffalo Sabres,LW
17,27.0,2,-4,45,3,0,0,0,8.3,88,15.07,7,27,20.6,29,100,2,3,1.0588235294117647,0.23529411764705882,0.20588235294117646,0.6764705882352942,0,4.0,2.1027818093772215,Depth Role,1.8972181906227785,Jordan Greenway,Buffalo Sabres,LW
18,29.0,2,-15,28,4,0,0,0,8.0,93,9.88,79,77,50.6,16,89,2,0,0.8333333333333334,0.11666666666666667,0.08333333333333333,0.36666666666666664,0,2.0,1.2751700184562957,Depth Role,0.7248299815437043,Sam Lafferty,Buffalo Sabres,C
19,27.0,1,-9,10,0,0,0,0,0.0,54,14.4,0,0,0.0,51,15,2,1,0.4166666666666667,0.14583333333333334,0.16666666666666666,0.6875,1,0.9,-0.12929580057264634,Depth Role,1.0292958005726462,Jacob Bryson,Buffalo Sabres,D
20,25.0,3,6,12,3,0,0,2,6.8,120,16.3,0,0,0.0,31,35,2,1,1.0476190476190477,0.14285714285714285,0.19047619047619047,1.0,0,3.0,2.8529467558108115,Depth Role,0.14705324418918853,Henri Jokiharju,Buffalo Sabres,D
21,22.0,3,-2,2,2,1,0,0,27.3,35,10.48,67,78,46.2,23,26,2,0,0.5238095238095238,0.23809523809523808,0.09523809523809523,0.47619047619047616,1,0.75,1.4018651415449925,Depth Role,-0.6518651415449925,Tyson Kozak,Buffalo Sabres,C
22,28.0,1,-3,50,0,0,0,0,0.0,21,10.07,0,0,0.0,29,52,2,1,0.2,0.2,0.16,0.36,1,0.875,-0.5512425390249485,Depth Role,1.4262425390249485,Dennis Gilbert,Buffalo Sabres,D
1,28.0,8,0,42,34,9,0,4,13.5,624,20.18,3,5,37.5,24,58,1,4,3.8902439024390243,1.2926829268292683,0.4878048780487805,1.4390243902439024,0,11.25,9.705928223066238,Elite,1.5440717769337624,David Pastrnak,Boston Bruins,RW
2,26.0,6,3,22,29,4,0,4,22.0,307,16.92,173,201,46.3,29,110,1,0,1.948051948051948,0.7402597402597403,0.4025974025974026,0.6623376623376623,0,5.5,5.5316219510490665,Very Good,-0.03162195104906651,Morgan Geekie,Boston Bruins,C
3,27.0,4,-8,21,10,2,2,5,10.6,257,19.07,393,346,53.2,26,63,1,0,1.6097560975609757,0.573170731707317,0.2926829268292683,0.7560975609756098,0,4.75,4.5522903355208335,Solid Role,0.1977096644791665,Pavel Zacha,Boston Bruins,C
4,36.0,6,-8,62,16,5,0,5,12.0,341,18.43,5,7,41.7,27,66,1,3,2.8688524590163933,0.7704918032786885,0.3114754098360656,1.1639344262295082,0,5.25,6.795798359405684,Very Good,-1.5457983594056843,Brad Marchand,Boston Bruins,LW
5,30.0,7,-4,14,14,2,1,3,11.3,301,18.08,759,615,55.2,79,114,1,0,1.8414634146341464,0.573170731707317,0.2682926829268293,0.47560975609756095,0,7.75,6.320767848138785,Solid Role,1.429232151861215,Elias Lindholm,Boston Bruins,C
6,24.0,2,-43,16,4,1,0,0,5.4,258,19.53,0,0,0.0,103,25,1,1,1.1948051948051948,0.42857142857142855,0.4675324675324675,1.3506493506493507,0,3.2,2.851341104604864,Solid Role,0.34865889539513617,Mason Lohrei,Boston Bruins,D
7,27.0,8,0,46,4,2,1,2,7.1,204,23.67,0,0,0.0,81,89,1,1,1.96,0.46,0.52,1.44,0,9.5,6.963216083588641,Solid Role,2.536783916411359,Charlie McAvoy,Boston Bruins,D
8,29.0,6,25,145,4,0,0,0,3.8,267,20.62,0,0,0.0,107,219,1,1,1.2962962962962963,0.2716049382716049,0.30864197530864196,1.2839506172839505,0,5.0,4.6090977719156,Depth Role,0.3909022280843999,Nikita Zadorov,Boston Bruins,D
9,32.0,6,-14,18,11,3,1,2,16.3,187,17.63,266,275,49.2,49,93,1,0,1.4375,0.34375,0.59375,0.65625,0,5.25,5.18749606019563,Depth Role,0.06250393980436986,Charlie Coyle,Boston Bruins,C
10,26.0,2,-6,16,6,4,0,2,12.8,138,12.97,3,10,23.1,26,89,1,2,1.368421052631579,0.3508771929824561,0.17543859649122806,0.5789473684210527,0,1.5,2.170025767709679,Depth Role,-0.6700257677096788,Justin Brazeau,Boston Bruins,F
11,26.0,1,1,17,10,0,0,2,11.8,162,11.25,0,2,0.0,26,177,1,3,1.1643835616438356,0.2328767123287671,0.1095890410958904,0.4520547945205479,0,1.0,0.7262857616293803,Depth Role,0.2737142383706197,Cole Koepke,Boston Bruins,LW
12,26.0,3,-10,15,0,0,1,0,1.3,205,18.6,0,0,0.0,126,105,1,1,1.0526315789473684,0.2236842105263158,0.19736842105263158,1.2894736842105263,0,2.75,2.9641175900842263,Depth Role,-0.21411759008422626,Andrew Peeke,Boston Bruins,D
13,26.0,8,-14,44,7,1,0,0,10.5,165,13.83,93,119,43.9,29,155,1,0,1.3333333333333333,0.2631578947368421,0.21052631578947367,0.5614035087719298,0,3.85,5.248092110062529,Depth Role,-1.3980921100625285,Trent Frederic,Boston Bruins,C
14,25.0,3,-3,106,5,0,0,0,7.5,119,10.73,199,167,54.4,39,218,1,0,1.098360655737705,0.22950819672131148,0.19672131147540983,0.4262295081967213,0,1.566667,1.5433144513631434,Depth Role,0.02335254863685665,Mark Kastelic,Boston Bruins,C
15,23.0,1,-9,26,3,0,0,0,6.8,98,11.28,281,261,51.8,71,85,1,0,0.5641025641025641,0.14102564102564102,0.1794871794871795,0.6282051282051282,1,0.9,-0.7810164276757172,Depth Role,1.6810164276757171,John Beecher,Boston Bruins,C
16,20.0,3,-5,8,1,0,0,1,3.4,76,13.08,59,70,45.7,10,12,1,0,0.8787878787878788,0.3333333333333333,0.42424242424242425,0.8484848484848485,1,0.87,1.1234873680043949,Depth Role,-0.25348736800439486,Matthew Poitras,Boston Bruins,C
17,28.0,6,2,24,1,0,0,0,1.6,160,18.8,0,0,0.0,119,64,1,1,1.0158730158730158,0.14285714285714285,0.2222222222222222,1.3015873015873016,0,4.1,4.674544795086856,Depth Role,-0.5745447950868563,Brandon Carlo,Boston Bruins,D
18,27.0,2,-10,10,1,0,0,0,2.3,103,18.03,0,0,0.0,66,75,1,1,0.8,0.12727272727272726,0.2727272727272727,1.2363636363636363,0,1.0,2.278246528370497,Depth Role,-1.278246528370497,Parker Wotherspoon,Boston Bruins,D
21,32.0,2,3,2,1,0,0,0,5.0,55,17.6,0,0,0.0,37,20,1,1,0.9090909090909091,0.2727272727272727,0.3181818181818182,1.5,1,0.775,1.9248786883085922,Depth Role,-1.149878688308592,Jordan Oesterle,Boston Bruins,D
22,29.0,1,-9,6,3,0,0,0,5.8,95,13.52,11,11,50.0,16,60,1,0,2.0,0.19230769230769232,0.38461538461538464,0.23076923076923078,1,0.775,0.33187859757563176,Depth Role,0.44312140242436826,Vinni Lettieri,Boston Bruins,C
